Ind_ID,GENDER,Car_Owner,Propert_Owner,CHILDREN,Annual_income,Type_Income,EDUCATION,Marital_status,Housing_type,Employed_days,Work_Phone,Phone,EMAIL_ID,Type_Occupation,Family_Members,label,Age
5118397,M,N,N,0,135000.0,Working,Secondary / secondary special,Married,House / apartment,-1649,0,0,0,Drivers,2,0,46.9972602739726
5094926,F,Y,Y,0,135000.0,Commercial associate,Secondary / secondary special,Married,House / apartment,-1463,1,0,0,Core staff,2,0,33.35616438356164
5045069,F,N,N,0,112500.0,Working,Secondary / secondary special,Married,House / apartment,-2533,0,0,0,Laborers,2,0,28.339726027397262
5137229,M,Y,N,0,180000.0,Commercial associate,Secondary / secondary special,Married,Municipal apartment,-2696,1,0,0,Drivers,2,0,38.586301369863016
5051161,M,Y,N,1,135000.0,Working,Secondary / secondary special,Married,House / apartment,-866,0,0,0,Laborers,3,1,26.284931506849315
5052661,F,N,Y,0,103500.0,Working,Secondary / secondary special,Married,House / apartment,-564,0,0,1,IT staff,2,1,28.482191780821918
5038814,F,N,Y,0,247500.0,Commercial associate,Secondary / secondary special,Married,House / apartment,-746,0,0,0,Unknown,2,0,53.057534246575344
5089658,F,N,N,0,99000.0,Commercial associate,Secondary / secondary special,Single / not married,House / apartment,-370,1,0,0,Core staff,1,0,44.87123287671233
5045828,F,N,Y,0,270000.0,Pensioner,Higher education,Married,House / apartment,365243,0,0,0,Unknown,2,0,61.205479452054796
5029529,M,Y,Y,0,112500.0,Pensioner,Lower secondary,Married,House / apartment,365243,0,1,0,Unknown,2,0,59.50410958904109
5023280,F,Y,Y,0,180000.0,Commercial associate,Secondary / secondary special,Married,House / apartment,-2457,0,0,0,Sales staff,2,0,45.75616438356165
5113020,M,Y,Y,0,202500.0,State servant,Secondary / secondary special,Married,House / apartment,-2199,0,0,0,Core staff,2,0,40.06027397260274
5079141,F,N,Y,2,67500.0,Working,Secondary / secondary special,Separated,House / apartment,-3008,1,0,0,Sales staff,3,0,37.99452054794521
5036474,M,Y,N,2,180000.0,Commercial associate,Higher education,Married,House / apartment,-2673,0,0,0,Managers,4,0,43.057534246575344
5126527,F,N,N,0,225000.0,State servant,Secondary / secondary special,Married,With parents,-196,0,1,0,Medicine staff,2,0,33.61369863013699
5024386,F,N,N,0,117000.0,Working,Secondary / secondary special,Married,Municipal apartment,-1281,0,0,0,Sales staff,2,0,36.96986301369863
5078805,F,N,Y,0,306000.0,Working,Secondary / secondary special,Married,House / apartment,-2978,0,0,0,High skill tech staff,2,0,51.85479452054795
5145869,F,N,Y,0,225000.0,Pensioner,Secondary / secondary special,Separated,House / apartment,365243,0,1,0,Unknown,1,0,57.47397260273973
5148812,F,N,Y,0,112500.0,Pensioner,Secondary / secondary special,Married,House / apartment,365243,0,0,0,Unknown,2,0,61.413698630136984
5105685,F,N,Y,2,144000.0,Working,Secondary / secondary special,Married,House / apartment,-2805,1,1,0,Private service staff,4,0,38.71780821917808
5117450,F,N,N,2,90000.0,Working,Secondary / secondary special,Married,House / apartment,-96,1,0,0,Unknown,4,0,32.5013698630137
5054625,F,N,Y,0,112500.0,Pensioner,Secondary / secondary special,Widow,House / apartment,365243,0,0,0,Unknown,1,0,60.367123287671234
5090942,M,N,N,0,225000.0,Commercial associate,Secondary / secondary special,Married,House / apartment,-1436,0,0,0,Low-skill Laborers,2,0,36.536986301369865
5136029,M,Y,N,0,112500.0,State servant,Secondary / secondary special,Married,House / apartment,-2331,0,0,0,Laborers,2,0,53.512328767123286
5050894,M,Y,N,0,292500.0,Pensioner,Secondary / secondary special,Married,House / apartment,365243,0,0,0,Unknown,2,0,51.71232876712329
5023655,F,N,N,0,225000.0,Commercial associate,Incomplete higher,Single / not married,House / apartment,-1209,0,0,0,Accountants,1,0,28.024657534246575
5087819,M,N,Y,2,112500.0,Working,Secondary / secondary special,Married,House / apartment,-1563,0,0,0,Security staff,4,0,43.25479452054795
5079016,M,Y,Y,2,900000.0,Commercial associate,Higher education,Married,House / apartment,-1000,0,0,0,Managers,4,0,27.09315068493151
5142362,M,Y,Y,1,112500.0,Working,Secondary / secondary special,Married,House / apartment,-925,1,1,0,Drivers,3,1,44.394520547945206
5113406,M,Y,Y,0,450000.0,Commercial associate,Higher education,Single / not married,House / apartment,-588,0,0,1,Sales staff,1,0,29.69041095890411
5045917,M,Y,Y,0,315000.0,Commercial associate,Secondary / secondary special,Married,Rented apartment,-2026,0,0,0,Drivers,2,0,46.54794520547945
5023475,F,Y,Y,0,315000.0,Pensioner,Secondary / secondary special,Single / not married,House / apartment,365243,0,0,0,Unknown,1,0,57.56712328767123
5028580,M,N,N,0,540000.0,Commercial associate,Higher education,Married,House / apartment,-691,0,0,0,Managers,2,1,54.78356164383562
5117622,M,Y,N,2,112500.0,Working,Higher education,Married,House / apartment,-127,0,0,0,Drivers,4,0,40.16164383561644
5066879,M,Y,Y,0,270000.0,Working,Secondary / secondary special,Single / not married,House / apartment,-1557,0,0,0,Laborers,1,0,37.821917808219176
5126503,F,N,N,0,171000.0,Pensioner,Secondary / secondary special,Married,House / apartment,365243,0,1,0,Unknown,2,0,57.47123287671233
5092287,F,N,Y,0,247500.0,Pensioner,Higher education,Married,House / apartment,365243,0,0,0,Unknown,2,0,60.56712328767123
5033453,F,N,N,0,135000.0,Working,Higher education,Single / not married,House / apartment,-2394,0,0,0,Laborers,1,1,29.44931506849315
5022343,F,N,Y,0,67500.0,Pensioner,Secondary / secondary special,Widow,House / apartment,365243,0,0,0,Unknown,1,0,64.37808219178082
5140074,F,N,Y,0,90000.0,Commercial associate,Secondary / secondary special,Married,House / apartment,-431,0,0,0,Core staff,2,0,41.43561643835616
5114354,M,Y,N,0,180000.0,Commercial associate,Secondary / secondary special,Married,Municipal apartment,-2993,1,0,0,Unknown,2,0,26.876712328767123
5028781,F,N,Y,0,135000.0,Working,Secondary / secondary special,Married,House / apartment,-3034,0,0,0,Unknown,2,0,43.38630136986301
5104868,F,N,Y,0,112500.0,Working,Higher education,Married,House / apartment,-4004,0,0,0,Accountants,2,0,33.18904109589041
5067149,M,N,N,2,225000.0,Working,Incomplete higher,Married,House / apartment,-263,0,0,0,Unknown,4,0,38.271232876712325
5052865,F,N,Y,0,94500.0,Commercial associate,Incomplete higher,Married,House / apartment,-3458,1,1,0,Sales staff,2,0,38.0
5125158,M,N,Y,1,234000.0,Working,Secondary / secondary special,Married,House / apartment,-1748,0,0,0,Laborers,3,0,32.794520547945204
5025020,F,N,Y,0,148500.0,Pensioner,Secondary / secondary special,Married,House / apartment,365243,0,0,0,Unknown,2,0,58.93698630136986
5068491,M,N,N,1,315000.0,Commercial associate,Higher education,Married,House / apartment,-110,0,1,0,Unknown,3,0,50.1945205479452
5135487,F,N,Y,0,135000.0,State servant,Higher education,Single / not married,Municipal apartment,-1935,0,0,0,Core staff,1,1,29.205479452054796
5113082,F,N,Y,1,112500.0,Working,Higher education,Single / not married,House / apartment,-1131,0,0,0,Core staff,2,0,41.92602739726028
5089512,F,Y,N,1,405000.0,Working,Secondary / secondary special,Married,Rented apartment,-1678,1,1,1,Core staff,3,0,37.83561643835616
5053524,F,N,Y,0,112500.0,Working,Secondary / secondary special,Married,House / apartment,-2464,0,1,0,Managers,2,0,40.443835616438356
5092242,F,N,N,0,117000.0,Working,Secondary / secondary special,Married,House / apartment,-2330,0,0,0,Unknown,2,0,56.86027397260274
5023692,F,N,Y,0,135000.0,Working,Secondary / secondary special,Single / not married,House / apartment,-3339,0,0,0,Unknown,1,0,41.1945205479452
5116301,F,N,Y,0,180000.0,Pensioner,Secondary / secondary special,Married,House / apartment,365243,0,0,0,Unknown,2,1,62.06849315068493
5118617,F,N,N,0,270000.0,Commercial associate,Higher education,Single / not married,House / apartment,-5209,0,0,0,Sales staff,1,0,43.205479452054796
5033788,F,N,Y,1,315000.0,Working,Higher education,Separated,House / apartment,-4766,1,1,0,Private service staff,2,0,43.11780821917808
5099980,M,N,Y,0,90000.0,Working,Secondary / secondary special,Separated,House / apartment,-1069,0,0,0,Low-skill Laborers,1,0,41.25753424657534
5029184,F,N,Y,1,108000.0,Working,Secondary / secondary special,Married,House / apartment,-4603,0,0,0,Laborers,3,0,43.76164383561644
5105395,F,N,Y,0,135000.0,Working,Incomplete higher,Single / not married,House / apartment,-575,0,0,0,Secretaries,1,0,29.95068493150685
5028697,M,Y,N,1,270000.0,Working,Higher education,Married,Rented apartment,-203,0,1,0,Laborers,3,0,29.635616438356163
5088805,M,Y,Y,0,225000.0,State servant,Secondary / secondary special,Married,House / apartment,-3694,1,1,0,High skill tech staff,2,0,37.583561643835615
5146447,F,N,Y,0,135000.0,Working,Secondary / secondary special,Widow,House / apartment,-919,0,1,0,Managers,1,0,39.43561643835616
5035866,F,N,Y,0,247500.0,Commercial associate,Secondary / secondary special,Married,House / apartment,-1225,0,0,0,Cooking staff,2,0,48.37260273972603
5069289,F,N,Y,0,270000.0,Commercial associate,Incomplete higher,Married,House / apartment,-3397,0,0,0,Core staff,2,0,40.5013698630137
5051180,M,Y,N,1,135000.0,Working,Secondary / secondary special,Married,House / apartment,-1931,0,1,0,Laborers,3,0,35.85205479452055
5022617,M,Y,Y,0,202500.0,Commercial associate,Secondary / secondary special,Civil marriage,House / apartment,-1674,0,0,1,Laborers,2,1,32.93698630136986
5068888,F,N,Y,0,225000.0,Working,Secondary / secondary special,Married,House / apartment,-4888,0,0,0,Medicine staff,2,0,64.48493150684932
5143362,F,N,Y,0,126000.0,Working,Secondary / secondary special,Married,House / apartment,-2234,1,1,0,High skill tech staff,2,0,62.49589041095891
5087538,M,N,Y,0,81000.0,Commercial associate,Higher education,Single / not married,House / apartment,-1928,0,1,0,Laborers,1,0,27.052054794520547
5051097,F,N,N,0,69750.0,Pensioner,Secondary / secondary special,Widow,Municipal apartment,365243,0,1,0,Unknown,1,0,60.23561643835617
5142595,M,Y,Y,0,418500.0,Working,Higher education,Married,House / apartment,-73,0,1,0,Unknown,2,0,52.15890410958904
5096169,F,N,N,0,112500.0,Commercial associate,Secondary / secondary special,Married,House / apartment,-796,0,0,0,High skill tech staff,2,0,53.701369863013696
5028858,M,Y,Y,1,157500.0,Working,Secondary / secondary special,Married,House / apartment,-3095,0,0,0,Laborers,3,0,37.99178082191781
5046340,M,N,Y,1,180000.0,Working,Lower secondary,Married,House / apartment,-1692,1,0,0,Unknown,3,0,28.98904109589041
5038569,M,Y,Y,0,202500.0,Working,Secondary / secondary special,Married,House / apartment,-230,0,1,0,Laborers,2,0,54.723287671232875
5041758,F,N,Y,0,157500.0,State servant,Higher education,Married,House / apartment,-3654,0,1,0,Managers,2,0,41.49315068493151
5010089,F,N,N,0,225000.0,Commercial associate,Secondary / secondary special,Married,House / apartment,-1682,0,0,0,Laborers,2,0,28.23013698630137
5021431,F,N,Y,0,126000.0,Commercial associate,Higher education,Single / not married,House / apartment,-2470,0,0,0,Sales staff,1,1,51.8
5053918,F,Y,N,0,225000.0,Working,Higher education,Civil marriage,House / apartment,-2433,0,0,0,Managers,2,0,39.556164383561644
5062713,F,N,Y,1,157500.0,Working,Secondary / secondary special,Married,House / apartment,-3805,0,0,0,Core staff,3,0,39.75342465753425
5067982,M,Y,Y,0,153000.0,Working,Higher education,Separated,With parents,-7640,0,0,1,Managers,1,0,54.83013698630137
5022761,F,N,Y,0,180000.0,Working,Secondary / secondary special,Married,House / apartment,-1344,0,0,1,Sales staff,2,0,26.824657534246576
5113180,M,Y,Y,0,135000.0,Commercial associate,Higher education,Civil marriage,House / apartment,-613,0,0,0,Core staff,2,0,48.04931506849315
5096466,M,Y,N,1,450000.0,Working,Higher education,Married,House / apartment,-5545,1,0,0,Managers,3,0,53.178082191780824
5116036,M,Y,Y,0,126000.0,Working,Higher education,Single / not married,House / apartment,-863,1,0,0,Managers,1,1,39.78630136986301
5025207,M,Y,Y,1,180000.0,Commercial associate,Secondary / secondary special,Married,House / apartment,-124,0,0,0,Drivers,3,0,27.126027397260273
5135946,M,N,Y,0,270000.0,Working,Higher education,Single / not married,House / apartment,-3153,0,1,0,Laborers,1,0,41.704109589041096
5105069,M,N,Y,0,157500.0,Working,Incomplete higher,Married,House / apartment,-453,1,1,0,Unknown,2,0,37.484931506849314
5044860,F,N,Y,0,167400.0,Pensioner,Secondary / secondary special,Married,House / apartment,365243,0,0,0,Unknown,2,0,52.131506849315066
5139548,F,Y,Y,2,157500.0,Commercial associate,Higher education,Married,House / apartment,-6337,0,1,0,Medicine staff,4,0,37.21643835616438
5079127,M,N,Y,0,270000.0,Working,Higher education,Married,House / apartment,-2262,0,0,0,Laborers,2,0,32.723287671232875
5113057,F,Y,N,0,202500.0,Commercial associate,Incomplete higher,Separated,House / apartment,-1344,0,1,1,Accountants,1,0,38.61917808219178
5090788,F,Y,Y,1,225000.0,Commercial associate,Secondary / secondary special,Separated,House / apartment,-1374,0,0,0,Managers,2,0,29.887671232876713
5116621,F,Y,Y,1,157500.0,State servant,Secondary / secondary special,Married,House / apartment,-3380,0,0,0,Laborers,3,0,37.83835616438356
5135863,F,N,Y,2,67500.0,Working,Secondary / secondary special,Married,House / apartment,-596,0,0,0,Sales staff,4,0,33.49589041095891
5091406,F,N,Y,0,135000.0,Working,Secondary / secondary special,Single / not married,House / apartment,-1904,1,0,0,Laborers,1,0,48.16164383561644
5056179,F,N,Y,0,202500.0,Commercial associate,Higher education,Married,House / apartment,-218,0,0,0,Unknown,2,0,26.473972602739725
5099907,F,N,Y,2,112500.0,Working,Incomplete higher,Married,House / apartment,-1860,0,0,0,Core staff,4,0,29.936986301369863
5118026,F,N,N,0,315000.0,Commercial associate,Secondary / secondary special,Married,House / apartment,-3230,0,1,0,High skill tech staff,2,0,37.342465753424655
5086060,F,N,Y,0,135000.0,State servant,Secondary / secondary special,Married,House / apartment,-9422,0,1,0,Core staff,2,0,56.27945205479452
5033817,F,Y,N,1,292500.0,State servant,Higher education,Married,House / apartment,-2667,0,1,0,Core staff,3,0,43.863013698630134
5048583,F,N,Y,0,135000.0,Pensioner,Secondary / secondary special,Married,House / apartment,365243,0,0,0,Unknown,2,0,59.12054794520548
5139729,F,N,Y,0,135000.0,Working,Secondary / secondary special,Married,House / apartment,-2319,0,0,0,Cleaning staff,2,0,56.06301369863014
5065571,M,Y,Y,0,270000.0,Commercial associate,Secondary / secondary special,Married,House / apartment,-1539,0,0,0,Drivers,2,0,49.912328767123284
5051156,M,N,N,1,247500.0,Working,Higher education,Single / not married,House / apartment,-1870,0,0,0,Laborers,2,0,37.85205479452055
5142185,M,Y,Y,2,450000.0,Commercial associate,Higher education,Married,House / apartment,-4305,1,1,0,Managers,4,1,48.87945205479452
5090701,F,N,N,0,594000.0,Pensioner,Higher education,Single / not married,Municipal apartment,365243,0,0,0,Unknown,1,0,47.635616438356166
5097170,M,Y,Y,0,180000.0,State servant,Secondary / secondary special,Married,House / apartment,-2620,0,0,0,Drivers,2,0,26.21917808219178
5021790,F,Y,Y,2,157500.0,Working,Secondary / secondary special,Married,House / apartment,-6879,0,0,0,High skill tech staff,4,0,41.153424657534245
5142584,M,Y,Y,0,301500.0,Working,Secondary / secondary special,Married,Rented apartment,-864,0,0,0,Laborers,2,0,24.682191780821917
5149106,M,N,Y,2,270000.0,Working,Secondary / secondary special,Married,House / apartment,-3608,0,0,0,Security staff,4,0,34.21369863013699
5088205,F,N,Y,0,153000.0,Pensioner,Secondary / secondary special,Separated,House / apartment,365243,0,1,0,Unknown,1,0,59.66575342465753
5009567,M,Y,N,0,180000.0,Working,Secondary / secondary special,Married,House / apartment,-3143,1,1,0,Laborers,2,0,41.515068493150686
5023147,F,N,N,0,112500.0,Pensioner,Secondary / secondary special,Single / not married,House / apartment,365243,0,0,0,Unknown,1,0,57.9041095890411
5066617,F,N,Y,0,139500.0,Working,Secondary / secondary special,Married,House / apartment,-157,0,0,1,Cooking staff,2,0,51.31506849315068
5009739,F,Y,N,0,99000.0,Working,Secondary / secondary special,Married,House / apartment,-4392,1,1,0,Core staff,2,0,40.156164383561645
5041307,F,Y,Y,0,90000.0,Pensioner,Secondary / secondary special,Married,House / apartment,365243,0,1,0,Unknown,2,0,63.33698630136986
5092265,M,N,Y,0,112500.0,Working,Secondary / secondary special,Civil marriage,House / apartment,-351,0,0,0,Security staff,2,0,48.868493150684934
5088687,M,N,Y,1,135000.0,Working,Secondary / secondary special,Married,House / apartment,-1473,1,1,0,Laborers,3,0,51.28493150684932
5058281,F,N,Y,0,306000.0,Commercial associate,Higher education,Married,House / apartment,-3435,1,1,1,Unknown,2,0,40.81369863013698
5068648,M,N,Y,0,135000.0,Working,Secondary / secondary special,Single / not married,With parents,-1054,0,0,0,Drivers,1,0,31.07945205479452
5021998,M,N,Y,0,90000.0,Pensioner,Secondary / secondary special,Married,House / apartment,-1644,0,0,1,Unknown,2,1,51.679452054794524
5037169,M,Y,Y,0,135000.0,Pensioner,Secondary / secondary special,Married,House / apartment,365243,0,0,0,Unknown,2,0,67.15068493150685
5100098,F,N,Y,0,90000.0,Working,Secondary / secondary special,Married,House / apartment,-826,0,0,0,Unknown,2,0,29.72876712328767
5010435,F,N,Y,0,90000.0,Pensioner,Secondary / secondary special,Married,House / apartment,365243,0,0,0,Unknown,2,0,58.95342465753425
5033831,M,Y,Y,0,135000.0,Working,Higher education,Civil marriage,House / apartment,-663,1,1,0,Laborers,2,0,52.93698630136986
5047870,M,Y,Y,1,292500.0,Commercial associate,Higher education,Married,House / apartment,-3322,0,0,0,Unknown,3,0,34.43561643835616
5050671,M,N,N,0,171000.0,Commercial associate,Incomplete higher,Single / not married,House / apartment,-166,1,1,0,High skill tech staff,1,1,31.80821917808219
5028990,F,N,N,2,81000.0,Working,Lower secondary,Single / not married,House / apartment,-2333,0,0,0,Sales staff,3,0,42.11780821917808
5116906,M,Y,Y,0,211500.0,Pensioner,Secondary / secondary special,Married,House / apartment,-7553,0,0,0,Core staff,2,1,41.224657534246575
5135484,F,N,Y,0,135000.0,State servant,Higher education,Single / not married,Municipal apartment,-1935,0,0,0,Core staff,1,0,29.205479452054796
5052731,F,N,Y,0,180000.0,Commercial associate,Secondary / secondary special,Civil marriage,House / apartment,-1114,0,0,0,Laborers,2,0,37.84109589041096
5010865,M,Y,Y,1,450000.0,Commercial associate,Secondary / secondary special,Married,House / apartment,-678,0,1,1,Core staff,3,0,49.78904109589041
5009753,M,Y,N,0,315000.0,Pensioner,Higher education,Married,House / apartment,-586,1,1,0,Unknown,2,1,37.14246575342466
5117065,F,N,Y,2,225000.0,Working,Higher education,Married,House / apartment,-1648,1,1,0,Accountants,4,0,62.06849315068493
5142248,F,N,Y,0,225000.0,State servant,Secondary / secondary special,Married,House / apartment,-2340,0,0,0,Private service staff,2,0,54.31780821917808
5041474,F,N,Y,0,90000.0,Commercial associate,Higher education,Married,House / apartment,-793,0,0,1,Sales staff,2,0,24.673972602739727
5126121,F,Y,N,0,72000.0,Working,Secondary / secondary special,Married,House / apartment,-227,1,1,0,Medicine staff,2,0,41.602739726027394
5118545,F,Y,N,0,270000.0,Working,Secondary / secondary special,Married,House / apartment,-1741,0,1,0,Sales staff,2,0,50.07945205479452
5061253,F,N,Y,0,112500.0,Working,Incomplete higher,Civil marriage,House / apartment,-1751,0,0,0,Unknown,2,0,25.482191780821918
5062016,F,N,N,0,180000.0,Commercial associate,Secondary / secondary special,Single / not married,House / apartment,-2389,0,0,0,Unknown,1,0,31.073972602739726
5095324,F,N,Y,0,315000.0,Pensioner,Secondary / secondary special,Widow,House / apartment,365243,0,1,0,Unknown,1,0,62.61369863013699
5050453,M,N,Y,1,231750.0,Working,Secondary / secondary special,Married,House / apartment,-135,0,0,0,Unknown,3,0,39.032876712328765
5068320,F,N,Y,0,189000.0,Pensioner,Higher education,Separated,House / apartment,365243,0,0,0,Unknown,1,0,62.06849315068493
5135346,M,N,Y,0,112500.0,Commercial associate,Higher education,Married,House / apartment,-555,0,0,0,Security staff,2,1,55.07671232876712
5035682,F,Y,Y,0,135000.0,Working,Secondary / secondary special,Civil marriage,House / apartment,-8377,0,0,0,Laborers,2,0,45.21917808219178
5140019,F,Y,Y,1,180000.0,Commercial associate,Secondary / secondary special,Single / not married,House / apartment,-1436,0,0,0,Private service staff,2,0,31.09041095890411
5045253,F,N,Y,1,270000.0,Working,Secondary / secondary special,Married,House / apartment,-3689,0,0,0,Core staff,3,0,57.134246575342466
5061724,F,N,Y,0,193500.0,Pensioner,Incomplete higher,Widow,House / apartment,365243,0,0,0,Unknown,1,0,66.56164383561644
5113933,F,N,N,0,67500.0,Pensioner,Secondary / secondary special,Widow,House / apartment,365243,0,1,0,Unknown,1,1,63.75616438356165
5068692,M,N,Y,0,148500.0,Working,Secondary / secondary special,Single / not married,House / apartment,-962,0,0,0,Laborers,1,0,32.38082191780822
5143374,F,N,N,0,112500.0,Pensioner,Secondary / secondary special,Married,House / apartment,365243,0,0,0,Unknown,2,0,65.75616438356164
5054188,F,N,N,0,135000.0,Working,Secondary / secondary special,Married,House / apartment,-515,0,1,0,Sales staff,2,0,31.205479452054796
5100010,M,Y,N,0,202500.0,Working,Secondary / secondary special,Married,House / apartment,-918,1,1,0,Laborers,2,0,62.06849315068493
5096318,M,Y,N,0,270000.0,Commercial associate,Higher education,Single / not married,House / apartment,-158,0,0,0,Core staff,1,0,26.073972602739726
5106077,F,N,Y,0,135000.0,Commercial associate,Secondary / secondary special,Married,House / apartment,-6944,0,0,0,Medicine staff,2,1,54.14794520547945
5096424,M,Y,N,0,270000.0,Commercial associate,Higher education,Separated,House / apartment,-2349,0,1,0,Unknown,1,0,31.838356164383562
5058271,F,N,Y,0,135000.0,Working,Secondary / secondary special,Married,House / apartment,-4288,0,0,0,Low-skill Laborers,2,0,53.71780821917808
5022571,M,Y,Y,0,202500.0,Pensioner,Higher education,Married,House / apartment,365243,0,0,0,Unknown,2,0,59.50958904109589
5041540,F,N,Y,1,135000.0,Pensioner,Secondary / secondary special,Civil marriage,House / apartment,365243,0,0,0,Unknown,3,0,52.863013698630134
5090415,F,Y,N,0,216000.0,Working,Secondary / secondary special,Single / not married,House / apartment,-9925,1,1,0,Unknown,1,0,54.15068493150685
5145978,F,Y,N,0,112500.0,State servant,Secondary / secondary special,Widow,House / apartment,-5880,0,0,0,Secretaries,1,0,53.52876712328767
5150038,M,N,N,0,180000.0,Working,Secondary / secondary special,Single / not married,With parents,-1537,0,0,0,Drivers,1,0,35.02465753424657
5087880,F,N,N,0,234000.0,State servant,Higher education,Civil marriage,House / apartment,-5215,0,0,1,Core staff,2,0,60.18356164383562
5126294,M,N,N,0,225000.0,Working,Secondary / secondary special,Married,House / apartment,-11884,1,0,0,Laborers,2,0,57.942465753424656
5091983,M,N,Y,0,112500.0,Commercial associate,Higher education,Married,House / apartment,-808,1,0,1,Managers,2,0,59.18082191780822
5148972,M,Y,Y,0,495000.0,Working,Secondary / secondary special,Single / not married,Rented apartment,-5373,0,0,0,Cooking staff,1,0,39.33698630136986
5125317,M,Y,N,0,292500.0,Commercial associate,Secondary / secondary special,Married,House / apartment,-2722,0,0,0,Unknown,2,0,57.18904109589041
5149887,F,N,Y,0,202500.0,Commercial associate,Secondary / secondary special,Married,House / apartment,-5830,0,0,0,Managers,2,0,43.673972602739724
5096856,M,Y,Y,0,180000.0,Commercial associate,Secondary / secondary special,Married,House / apartment,-3476,0,0,0,Drivers,2,0,49.24657534246575
5126311,M,N,N,0,180000.0,Working,Incomplete higher,Civil marriage,With parents,-288,1,0,1,Core staff,2,0,21.10958904109589
5089556,F,Y,N,0,135000.0,Working,Incomplete higher,Single / not married,House / apartment,-3078,1,0,0,Managers,1,0,31.24931506849315
5094896,M,Y,Y,1,180000.0,Working,Secondary / secondary special,Civil marriage,House / apartment,-3928,0,0,0,Managers,3,0,38.728767123287675
5058345,F,N,Y,0,99000.0,Pensioner,Higher education,Separated,House / apartment,365243,0,0,0,Unknown,1,1,67.42739726027398
5054343,F,Y,N,0,225000.0,Working,Secondary / secondary special,Married,House / apartment,-1064,0,1,0,Sales staff,2,0,56.55068493150685
5050756,M,Y,N,0,225000.0,Commercial associate,Secondary / secondary special,Married,House / apartment,-4031,1,0,0,Drivers,2,0,49.47397260273973
5025741,F,Y,N,0,216000.0,Working,Higher education,Married,Municipal apartment,-282,0,1,0,Sales staff,2,0,32.8054794520548
5029725,F,N,Y,1,135000.0,Commercial associate,Higher education,Married,House / apartment,-2910,1,0,1,Core staff,3,0,26.78904109589041
5054064,M,N,N,1,157500.0,Working,Secondary / secondary special,Married,House / apartment,-1458,0,0,0,Drivers,3,0,44.9972602739726
5029191,F,N,Y,0,202500.0,Working,Secondary / secondary special,Married,House / apartment,-2959,0,0,0,Sales staff,2,0,62.06849315068493
5113639,F,N,N,0,135000.0,Pensioner,Higher education,Married,Municipal apartment,365243,0,0,0,Unknown,2,0,53.97260273972603
5023410,F,N,Y,0,112500.0,Pensioner,Secondary / secondary special,Married,House / apartment,365243,0,0,0,Unknown,2,0,59.293150684931504
5089269,F,N,N,0,72000.0,Working,Secondary / secondary special,Single / not married,House / apartment,-1466,1,0,0,Cleaning staff,1,0,51.50410958904109
5096743,F,N,Y,0,180000.0,Working,Lower secondary,Widow,House / apartment,-2227,1,1,0,Cleaning staff,1,1,46.035616438356165
5105185,M,N,Y,0,180000.0,Working,Secondary / secondary special,Married,House / apartment,-848,1,0,0,Laborers,2,0,44.28767123287671
5114294,F,N,N,0,112500.0,State servant,Secondary / secondary special,Widow,House / apartment,-5246,1,0,0,Unknown,1,0,52.863013698630134
5097134,M,Y,Y,0,157500.0,Working,Secondary / secondary special,Married,House / apartment,-2468,1,1,0,Drivers,2,0,31.183561643835617
5113841,F,N,Y,0,135000.0,Commercial associate,Higher education,Married,House / apartment,-923,1,0,1,Core staff,2,0,24.55068493150685
5114544,F,N,Y,0,166500.0,Working,Incomplete higher,Married,House / apartment,-4029,0,0,1,Laborers,2,0,29.572602739726026
5088689,M,N,Y,1,135000.0,Working,Secondary / secondary special,Married,House / apartment,-1473,1,1,0,Laborers,3,0,51.28493150684932
5132340,F,N,Y,2,198000.0,Commercial associate,Incomplete higher,Separated,House / apartment,-2811,0,0,0,Unknown,3,0,42.865753424657534
5148932,M,Y,N,0,108000.0,Working,Secondary / secondary special,Married,Office apartment,-1081,0,0,0,Security staff,2,1,47.14794520547945
5023186,M,Y,Y,0,135000.0,Working,Secondary / secondary special,Married,House / apartment,-2700,0,1,0,Core staff,2,0,47.21917808219178
5114438,F,N,Y,1,157500.0,Working,Secondary / secondary special,Married,House / apartment,-1107,1,1,0,Sales staff,3,0,47.293150684931504
5114166,M,Y,N,1,247500.0,Working,Higher education,Married,House / apartment,-194,1,0,1,Unknown,3,0,25.46849315068493
5038619,F,N,N,0,103500.0,Pensioner,Secondary / secondary special,Married,House / apartment,365243,0,0,0,Unknown,2,0,66.7013698630137
5044940,M,N,Y,2,360000.0,State servant,Higher education,Married,House / apartment,-5639,0,1,0,Managers,4,0,43.90958904109589
5087756,F,N,N,0,180000.0,Working,Secondary / secondary special,Married,House / apartment,-2475,0,0,0,Sales staff,2,0,41.863013698630134
5062296,F,N,Y,0,135000.0,Pensioner,Incomplete higher,Separated,House / apartment,365243,0,0,0,Unknown,1,0,55.85753424657534
5009908,M,Y,N,0,202500.0,Working,Secondary / secondary special,Married,House / apartment,-3661,0,0,0,Drivers,2,0,52.38356164383562
5117698,M,Y,N,0,315000.0,Working,Higher education,Married,House / apartment,-3961,1,0,0,Unknown,2,0,55.66849315068493
5148525,F,N,Y,0,180000.0,Pensioner,Secondary / secondary special,Married,House / apartment,365243,0,0,0,Unknown,2,0,64.01369863013699
5024666,F,N,Y,0,157500.0,Working,Secondary / secondary special,Married,House / apartment,-4568,1,1,0,Laborers,2,0,39.52054794520548
5069399,M,N,Y,0,157500.0,Working,Secondary / secondary special,Single / not married,House / apartment,-1509,1,1,0,Core staff,1,0,23.002739726027396
5142972,M,N,N,1,180000.0,Working,Secondary / secondary special,Single / not married,House / apartment,-926,1,1,0,Laborers,3,0,29.194520547945206
5092020,F,N,Y,0,135000.0,Working,Secondary / secondary special,Married,House / apartment,-777,1,1,0,Core staff,2,0,36.1945205479452
5009118,F,N,N,0,157500.0,Commercial associate,Higher education,Separated,With parents,-432,0,0,0,Unknown,1,0,43.11506849315069
5079057,M,Y,N,0,121500.0,Working,Secondary / secondary special,Married,House / apartment,-6904,0,1,0,Laborers,2,0,40.73698630136986
5050635,F,N,N,0,225000.0,State servant,Secondary / secondary special,Married,House / apartment,-2966,0,0,0,Managers,2,0,37.13972602739726
5113373,F,N,Y,1,180000.0,Pensioner,Higher education,Married,House / apartment,365243,0,1,0,Unknown,3,0,51.9972602739726
5022833,M,Y,Y,0,202500.0,Working,Secondary / secondary special,Married,House / apartment,-1617,0,0,0,Core staff,2,0,47.293150684931504
5022930,F,N,Y,0,270000.0,Working,Higher education,Married,House / apartment,-187,0,0,1,Laborers,2,0,25.07945205479452
5146444,F,N,Y,0,135000.0,Working,Secondary / secondary special,Widow,House / apartment,-919,0,1,0,Managers,1,1,39.43561643835616
5118225,M,Y,N,0,225000.0,Working,Secondary / secondary special,Civil marriage,Office apartment,-3110,0,0,0,Laborers,2,0,57.14520547945205
5115566,M,N,Y,0,126000.0,Pensioner,Secondary / secondary special,Married,Rented apartment,365243,0,0,0,Unknown,2,0,45.18082191780822
5069141,F,N,N,0,135000.0,Commercial associate,Higher education,Married,With parents,-413,0,0,1,Core staff,2,0,42.082191780821915
5116302,F,N,Y,0,180000.0,Pensioner,Secondary / secondary special,Married,House / apartment,365243,0,0,0,Unknown,2,1,62.06849315068493
5115679,M,N,Y,0,112500.0,Pensioner,Secondary / secondary special,Married,House / apartment,365243,0,1,0,Unknown,2,0,61.484931506849314
5065606,M,Y,N,0,270000.0,Pensioner,Higher education,Married,House / apartment,365243,0,0,0,Unknown,2,0,64.35342465753425
5033884,M,Y,Y,0,90000.0,Working,Secondary / secondary special,Married,House / apartment,-932,1,1,0,Core staff,2,0,54.967123287671235
5113420,F,N,N,1,157500.0,Working,Secondary / secondary special,Single / not married,Municipal apartment,-5336,0,0,0,Core staff,2,0,34.83835616438356
5066627,M,Y,Y,0,157500.0,Working,Secondary / secondary special,Married,House / apartment,-583,0,0,0,Unknown,2,0,62.06849315068493
5053143,M,N,Y,1,126000.0,Working,Secondary / secondary special,Civil marriage,House / apartment,-140,0,1,0,Unknown,3,0,33.701369863013696
5025936,F,N,Y,0,130500.0,Working,Secondary / secondary special,Married,House / apartment,-5488,0,0,0,Core staff,2,0,37.04109589041096
5097106,F,N,Y,0,193500.0,Working,Secondary / secondary special,Married,House / apartment,-11448,0,1,0,Unknown,2,0,57.605479452054794
5022458,M,Y,Y,1,144000.0,Working,Secondary / secondary special,Married,House / apartment,-1070,0,0,1,Drivers,3,0,23.824657534246576
5069296,F,N,Y,0,225000.0,Pensioner,Secondary / secondary special,Married,House / apartment,365243,0,0,0,Unknown,2,0,57.50410958904109
5028383,M,Y,N,0,337500.0,Working,Secondary / secondary special,Single / not married,With parents,-3309,0,0,0,Core staff,1,0,31.07945205479452
5089681,F,N,N,0,261000.0,Commercial associate,Incomplete higher,Married,House / apartment,-1070,1,0,0,Unknown,2,0,27.473972602739725
5023389,M,Y,Y,2,157500.0,Commercial associate,Higher education,Married,House / apartment,-2092,0,0,0,Core staff,4,0,37.084931506849315
5118541,F,N,Y,0,72000.0,Working,Secondary / secondary special,Married,House / apartment,-1039,0,1,0,Laborers,2,1,49.676712328767124
5142547,F,Y,Y,0,157500.0,Commercial associate,Higher education,Single / not married,House / apartment,-1138,0,0,0,Private service staff,1,0,62.06849315068493
5118527,F,N,Y,0,180000.0,Commercial associate,Higher education,Married,House / apartment,-523,0,0,0,Unknown,2,0,60.794520547945204
5142529,M,N,Y,0,225000.0,State servant,Higher education,Married,House / apartment,-164,0,0,0,Unknown,2,0,24.673972602739727
5091824,M,N,Y,0,270000.0,Commercial associate,Secondary / secondary special,Single / not married,House / apartment,-5891,0,0,0,Laborers,1,0,40.104109589041094
5085704,M,Y,Y,0,126000.0,Pensioner,Secondary / secondary special,Married,House / apartment,365243,0,0,0,Unknown,2,0,53.35342465753425
5096085,F,N,N,0,67500.0,Working,Secondary / secondary special,Married,Municipal apartment,-11451,0,0,0,Cooking staff,2,0,49.76712328767123
5142781,M,Y,N,2,157500.0,Working,Secondary / secondary special,Separated,With parents,-1626,0,0,0,Laborers,3,0,38.298630136986304
5056237,F,N,Y,0,40500.0,Working,Secondary / secondary special,Married,House / apartment,-4936,1,0,0,Cleaning staff,2,0,34.87397260273973
5061481,F,N,Y,1,225000.0,Commercial associate,Higher education,Married,House / apartment,-2266,0,0,1,Managers,3,0,26.34246575342466
5010526,M,Y,Y,1,450000.0,Working,Higher education,Married,Office apartment,-2625,0,0,0,Managers,3,0,50.61917808219178
5024578,F,N,N,1,90000.0,Working,Secondary / secondary special,Married,With parents,-1462,0,0,0,Laborers,3,0,28.09041095890411
5090302,F,N,Y,0,405000.0,Commercial associate,Secondary / secondary special,Married,House / apartment,-4874,0,0,1,Sales staff,2,0,47.74520547945205
5041073,F,N,Y,0,67500.0,Working,Secondary / secondary special,Single / not married,House / apartment,-188,0,0,0,Laborers,2,0,49.8054794520548
5142815,M,Y,N,0,126000.0,Commercial associate,Incomplete higher,Married,House / apartment,-2906,0,1,0,Laborers,2,0,28.38082191780822
5041881,M,N,N,0,112500.0,Working,Secondary / secondary special,Civil marriage,Rented apartment,-2530,0,0,0,Unknown,2,0,40.487671232876714
5037157,F,N,Y,0,157500.0,Pensioner,Secondary / secondary special,Married,House / apartment,365243,0,1,0,Unknown,2,0,62.632876712328766
5023831,F,N,Y,2,112500.0,Commercial associate,Secondary / secondary special,Married,House / apartment,-925,0,0,0,Sales staff,4,1,33.24657534246575
5148573,F,N,Y,0,81000.0,Pensioner,Secondary / secondary special,Married,House / apartment,365243,0,0,0,Unknown,2,0,57.11780821917808
5143016,M,N,N,0,180000.0,Commercial associate,Secondary / secondary special,Civil marriage,Rented apartment,-3179,0,0,0,Laborers,2,0,39.84109589041096
5048300,M,Y,N,1,180000.0,Commercial associate,Secondary / secondary special,Married,House / apartment,-1161,0,0,0,Laborers,3,1,30.386301369863013
5033895,F,N,N,2,135000.0,Working,Secondary / secondary special,Married,With parents,-1670,0,0,0,Core staff,4,0,30.947945205479453
5052879,M,Y,Y,0,225000.0,Working,Secondary / secondary special,Married,House / apartment,-3366,0,0,0,Drivers,2,1,49.082191780821915
5045992,F,N,Y,0,157500.0,Commercial associate,Secondary / secondary special,Married,House / apartment,-4491,0,0,0,Laborers,2,0,41.797260273972604
5105422,F,N,Y,0,193500.0,Working,Secondary / secondary special,Single / not married,House / apartment,-9683,0,0,0,Unknown,1,0,50.54520547945206
5037247,M,Y,Y,2,112500.0,Working,Secondary / secondary special,Married,House / apartment,-926,0,0,0,Laborers,4,0,33.342465753424655
5061207,M,Y,Y,14,225000.0,Working,Secondary / secondary special,Separated,House / apartment,-1689,0,0,0,Drivers,15,0,48.64109589041096
5046531,M,Y,N,0,202500.0,Pensioner,Higher education,Married,House / apartment,365243,0,0,0,Unknown,2,0,55.32876712328767
5028569,F,Y,Y,0,315000.0,Commercial associate,Secondary / secondary special,Married,House / apartment,-5500,0,0,1,Core staff,2,0,42.88493150684931
5100133,M,Y,Y,2,270000.0,Commercial associate,Higher education,Married,House / apartment,-1891,0,0,0,Drivers,4,0,38.23287671232877
5033452,F,N,N,0,112500.0,Working,Secondary / secondary special,Married,House / apartment,-5498,1,1,0,Core staff,2,0,52.446575342465756
5105743,M,Y,N,2,112500.0,Working,Higher education,Married,House / apartment,-6693,1,1,0,High skill tech staff,4,0,62.06849315068493
5139410,F,Y,Y,2,135000.0,State servant,Secondary / secondary special,Married,House / apartment,-6094,1,0,0,Core staff,4,0,39.558904109589044
5069380,M,N,Y,0,337500.0,Working,Secondary / secondary special,Single / not married,House / apartment,-1267,0,0,0,High skill tech staff,1,0,45.8
5111178,F,N,Y,2,54000.0,Working,Higher education,Married,House / apartment,-4560,1,0,0,Cleaning staff,4,0,30.87123287671233
5065704,M,Y,Y,0,225000.0,Pensioner,Secondary / secondary special,Single / not married,House / apartment,365243,0,1,0,Unknown,1,0,47.81917808219178
5053032,F,N,Y,0,135000.0,Pensioner,Secondary / secondary special,Married,House / apartment,365243,0,0,0,Unknown,2,0,56.863013698630134
5024071,F,N,Y,0,180000.0,Working,Higher education,Married,House / apartment,-854,0,0,0,Laborers,2,1,43.76986301369863
5105291,F,N,N,0,112500.0,Working,Secondary / secondary special,Widow,With parents,-818,1,1,0,Core staff,1,0,28.054794520547944
5069216,F,Y,Y,0,256500.0,Commercial associate,Higher education,Married,House / apartment,-1724,1,0,0,Accountants,2,1,30.71232876712329
5115662,M,Y,Y,0,225000.0,Commercial associate,Higher education,Single / not married,House / apartment,-2537,0,1,0,Sales staff,1,0,43.81917808219178
5050482,F,N,N,0,292500.0,Commercial associate,Secondary / secondary special,Civil marriage,House / apartment,-10758,0,0,0,Laborers,2,0,51.227397260273975
5117753,M,Y,N,0,306000.0,Working,Secondary / secondary special,Married,House / apartment,-1649,0,0,0,Managers,2,0,43.865753424657534
5038751,M,Y,Y,2,157500.0,Commercial associate,Higher education,Married,With parents,-626,0,0,0,Drivers,4,0,38.88219178082192
5089320,F,Y,N,0,135000.0,Commercial associate,Higher education,Married,House / apartment,-825,1,1,1,High skill tech staff,2,0,31.824657534246576
5089580,F,Y,N,0,112500.0,State servant,Secondary / secondary special,Married,House / apartment,-460,1,1,0,Core staff,2,0,31.956164383561642
5149027,F,N,Y,0,162000.0,Pensioner,Secondary / secondary special,Married,House / apartment,365243,0,0,0,Unknown,2,0,62.45205479452055
5143164,F,N,N,2,180000.0,Commercial associate,Secondary / secondary special,Married,House / apartment,-1353,1,0,0,Accountants,4,0,37.78356164383562
5061135,F,N,Y,2,58500.0,Working,Higher education,Married,House / apartment,-5950,0,0,0,Core staff,4,0,38.98082191780822
5036469,M,Y,N,0,112500.0,State servant,Secondary / secondary special,Single / not married,House / apartment,-1546,0,0,0,Drivers,2,1,55.706849315068496
5118580,F,Y,Y,0,180000.0,Working,Secondary / secondary special,Married,House / apartment,-1741,0,0,0,Laborers,2,0,35.75890410958904
5142752,F,N,N,0,81000.0,Working,Secondary / secondary special,Single / not married,House / apartment,-377,1,1,0,Private service staff,1,0,48.97534246575343
5126322,F,N,N,0,270000.0,Working,Secondary / secondary special,Married,House / apartment,-1719,1,1,0,High skill tech staff,2,0,48.706849315068496
5091771,M,N,Y,0,247500.0,Working,Secondary / secondary special,Married,House / apartment,-2361,0,0,0,Laborers,2,0,47.81917808219178
5111117,F,N,Y,1,315000.0,Working,Higher education,Married,House / apartment,-1455,0,0,0,Managers,3,0,31.786301369863015
5028802,F,N,N,2,112500.0,Working,Secondary / secondary special,Married,House / apartment,-1086,0,0,0,Laborers,4,0,43.1945205479452
5087994,M,Y,Y,1,180000.0,Commercial associate,Incomplete higher,Civil marriage,House / apartment,-6645,0,0,0,Unknown,3,0,42.59452054794521
5139846,M,Y,Y,0,202500.0,Commercial associate,Secondary / secondary special,Married,Rented apartment,-2654,0,0,0,Unknown,2,0,28.71780821917808
5033966,F,N,Y,0,180000.0,Commercial associate,Secondary / secondary special,Married,House / apartment,-3154,0,0,0,Sales staff,2,0,41.37808219178082
5149433,F,Y,Y,0,112500.0,Working,Secondary / secondary special,Widow,House / apartment,-2633,0,0,0,Unknown,1,0,53.654794520547945
5116883,M,Y,Y,0,225000.0,Working,Secondary / secondary special,Married,House / apartment,-1344,1,0,0,Laborers,2,0,48.70958904109589
5142458,F,N,Y,0,67500.0,Commercial associate,Higher education,Separated,House / apartment,-499,0,1,0,Core staff,1,1,51.92328767123288
5116594,M,Y,N,0,157500.0,Working,Higher education,Married,House / apartment,-611,0,0,0,Unknown,2,0,42.74520547945205
5062011,F,N,N,0,180000.0,Commercial associate,Secondary / secondary special,Single / not married,House / apartment,-2389,0,0,0,Unknown,1,0,31.073972602739726
5089474,M,N,N,0,180000.0,Working,Higher education,Married,House / apartment,-3443,0,0,0,Laborers,2,0,39.298630136986304
5024238,F,N,Y,0,47250.0,Pensioner,Secondary / secondary special,Married,Municipal apartment,365243,0,1,0,Unknown,2,0,58.66849315068493
5116304,F,N,Y,0,180000.0,Pensioner,Secondary / secondary special,Married,House / apartment,365243,0,0,0,Unknown,2,1,62.06849315068493
5067182,F,N,Y,0,112500.0,Working,Higher education,Married,House / apartment,-820,1,0,0,Core staff,2,0,31.32054794520548
5079075,F,N,Y,0,216000.0,Working,Secondary / secondary special,Married,House / apartment,-1639,1,0,0,Core staff,2,0,42.654794520547945
5018461,F,N,Y,1,166500.0,Working,Secondary / secondary special,Married,House / apartment,-8033,0,1,0,Unknown,3,0,55.364383561643834
5117314,M,N,Y,1,292500.0,Working,Secondary / secondary special,Married,House / apartment,-1679,0,0,0,Laborers,3,0,45.56712328767123
5088836,F,N,Y,0,612000.0,State servant,Secondary / secondary special,Married,House / apartment,-3715,0,0,1,Accountants,2,0,34.41917808219178
5041522,M,Y,Y,0,450000.0,Commercial associate,Higher education,Separated,House / apartment,-855,1,1,0,Unknown,1,1,44.298630136986304
5132800,F,N,Y,0,157500.0,Working,Secondary / secondary special,Separated,House / apartment,-1534,0,0,0,Sales staff,1,0,50.794520547945204
5143009,M,Y,N,1,99000.0,Pensioner,Secondary / secondary special,Married,House / apartment,365243,0,1,0,Unknown,3,0,51.21095890410959
5125261,M,N,Y,0,157500.0,Commercial associate,Higher education,Married,House / apartment,-1200,1,1,0,Unknown,2,0,42.25479452054795
5053354,F,Y,N,0,225000.0,Working,Secondary / secondary special,Married,House / apartment,-110,0,0,0,Laborers,2,0,50.30684931506849
5068038,F,N,N,0,112500.0,State servant,Secondary / secondary special,Married,With parents,-9363,0,0,0,Medicine staff,2,0,47.02465753424657
5089117,F,Y,N,0,90000.0,Working,Higher education,Single / not married,House / apartment,-5483,1,1,0,Core staff,1,0,43.75068493150685
5142691,M,Y,N,2,135000.0,State servant,Secondary / secondary special,Married,House / apartment,-6558,1,1,0,Core staff,4,0,38.46027397260274
5052883,M,Y,Y,0,225000.0,Working,Secondary / secondary special,Married,House / apartment,-3366,0,0,0,Drivers,2,0,49.082191780821915
5091057,F,N,Y,2,270000.0,Commercial associate,Higher education,Married,House / apartment,-2197,0,0,1,Secretaries,4,0,42.295890410958904
5058405,M,Y,Y,0,247500.0,Working,Higher education,Married,House / apartment,-2609,0,0,0,Managers,2,0,35.18630136986302
5090925,F,N,Y,0,243000.0,Commercial associate,Secondary / secondary special,Married,With parents,-3412,0,0,0,Laborers,2,0,46.57534246575342
5035418,F,N,Y,0,292500.0,Working,Higher education,Married,House / apartment,-4816,0,0,0,Core staff,2,0,57.83835616438356
5149150,M,Y,Y,0,247500.0,Working,Secondary / secondary special,Married,House / apartment,-3577,1,0,0,Laborers,2,0,30.005479452054793
5028302,M,Y,Y,0,360000.0,Commercial associate,Incomplete higher,Married,House / apartment,-477,0,0,0,Managers,2,0,54.33972602739726
5106118,F,Y,Y,1,135000.0,Working,Higher education,Married,House / apartment,-393,0,0,0,Core staff,3,0,36.895890410958906
5113801,F,N,Y,1,337500.0,Working,Secondary / secondary special,Married,House / apartment,-3329,0,0,1,Core staff,3,0,35.04109589041096
5135530,F,Y,Y,0,99000.0,Pensioner,Secondary / secondary special,Married,House / apartment,365243,0,0,0,Unknown,2,0,57.57260273972603
5010795,F,N,N,0,45000.0,State servant,Secondary / secondary special,Married,House / apartment,-5334,1,1,0,Medicine staff,2,0,38.1945205479452
5143235,F,Y,Y,1,1575000.0,Commercial associate,Higher education,Single / not married,House / apartment,-2479,0,0,0,Managers,2,0,27.786301369863015
5036412,F,N,Y,0,83250.0,Pensioner,Secondary / secondary special,Civil marriage,House / apartment,365243,0,1,0,Unknown,2,0,55.394520547945206
5089760,M,Y,Y,0,180000.0,State servant,Higher education,Single / not married,House / apartment,-886,0,0,1,Unknown,1,0,22.438356164383563
5126826,F,N,N,1,157500.0,Working,Secondary / secondary special,Civil marriage,With parents,-3695,0,0,0,Sales staff,3,0,32.0
5024592,M,Y,Y,0,157500.0,Working,Secondary / secondary special,Married,With parents,-1615,1,0,0,Drivers,2,0,24.364383561643837
5116633,F,N,Y,0,135000.0,Pensioner,Higher education,Single / not married,House / apartment,365243,0,0,0,Unknown,1,0,61.64657534246575
5068390,F,Y,Y,1,270000.0,Working,Higher education,Separated,House / apartment,-140,0,1,1,Sales staff,2,0,38.4986301369863
5116056,F,N,N,0,135000.0,Working,Secondary / secondary special,Married,House / apartment,-10762,0,0,0,Accountants,2,0,48.775342465753425
5115610,F,N,Y,0,202500.0,Working,Secondary / secondary special,Married,House / apartment,-3420,0,0,0,Core staff,2,1,39.78904109589041
5085826,F,N,N,0,351000.0,Commercial associate,Higher education,Married,House / apartment,-1081,0,1,0,Unknown,2,0,59.106849315068494
5065808,F,N,N,1,76500.0,Working,Higher education,Married,House / apartment,-785,1,1,0,Sales staff,3,0,43.602739726027394
5091222,F,N,Y,3,135000.0,Working,Secondary / secondary special,Married,House / apartment,-1539,0,0,0,Laborers,5,0,40.652054794520545
5022803,F,Y,Y,0,202500.0,Working,Higher education,Widow,House / apartment,-1497,0,0,0,Managers,1,0,32.87123287671233
5022275,M,Y,Y,0,131400.0,Pensioner,Secondary / secondary special,Married,House / apartment,365243,0,0,0,Unknown,2,0,64.78356164383561
5025181,F,N,N,0,270000.0,Commercial associate,Secondary / secondary special,Single / not married,House / apartment,-2558,0,0,0,High skill tech staff,1,0,62.54520547945206
5149834,F,N,Y,0,157500.0,Commercial associate,Higher education,Married,House / apartment,-1325,0,1,1,Medicine staff,2,1,33.93698630136986
5065798,F,N,Y,0,44550.0,Pensioner,Secondary / secondary special,Married,House / apartment,365243,0,0,0,Unknown,2,0,62.76986301369863
5091737,F,Y,Y,0,243000.0,Working,Secondary / secondary special,Single / not married,House / apartment,-2057,0,0,0,Sales staff,1,0,40.31780821917808
5126308,F,N,N,0,112500.0,Working,Higher education,Single / not married,Co-op apartment,-531,1,1,0,Core staff,1,0,35.035616438356165
5046415,M,Y,Y,0,270000.0,Working,Higher education,Married,House / apartment,-1569,0,1,0,Unknown,2,0,39.632876712328766
5053980,F,Y,N,0,108000.0,Working,Secondary / secondary special,Married,With parents,-3195,1,0,0,Unknown,2,0,33.558904109589044
5042286,F,N,Y,0,157500.0,Working,Secondary / secondary special,Single / not married,House / apartment,-1222,0,0,0,Secretaries,1,0,29.613698630136987
5068019,M,Y,Y,0,135000.0,Working,Secondary / secondary special,Married,House / apartment,-3377,0,0,0,Laborers,2,0,42.295890410958904
5044478,F,N,N,0,135000.0,Working,Secondary / secondary special,Married,House / apartment,-2228,0,0,0,Unknown,2,0,62.06849315068493
5066458,F,Y,Y,0,135000.0,Working,Secondary / secondary special,Separated,House / apartment,-1406,0,0,0,Laborers,1,0,62.06849315068493
5009000,M,Y,Y,0,157500.0,Working,Secondary / secondary special,Married,House / apartment,-828,0,0,0,Drivers,2,0,27.197260273972603
5149805,F,N,Y,0,135000.0,State servant,Incomplete higher,Single / not married,With parents,-2086,0,1,1,Unknown,1,0,27.04931506849315
5112975,F,N,N,3,171000.0,Working,Secondary / secondary special,Married,House / apartment,-3505,1,1,0,High skill tech staff,5,0,37.512328767123286
5137151,F,N,N,0,225000.0,Pensioner,Secondary / secondary special,Married,House / apartment,365243,0,1,0,Unknown,2,0,55.96986301369863
5113717,F,N,N,1,135000.0,Working,Secondary / secondary special,Married,House / apartment,-3054,0,0,1,Private service staff,3,0,44.97260273972603
5054373,F,N,N,0,148500.0,Pensioner,Secondary / secondary special,Widow,House / apartment,365243,0,1,0,Unknown,1,0,56.775342465753425
5126321,F,N,N,0,270000.0,Working,Secondary / secondary special,Married,House / apartment,-1719,1,1,0,High skill tech staff,2,0,48.706849315068496
5125166,M,N,Y,1,234000.0,Working,Secondary / secondary special,Married,House / apartment,-1748,0,0,0,Laborers,3,0,32.794520547945204
5091400,F,N,N,0,135000.0,Working,Secondary / secondary special,Married,With parents,-869,0,0,0,Unknown,2,0,33.63835616438356
5096753,M,Y,N,0,328500.0,Working,Higher education,Married,House / apartment,-2654,1,1,0,Unknown,2,0,40.81369863013698
5023816,F,Y,Y,1,225000.0,Commercial associate,Higher education,Married,House / apartment,-803,1,1,0,Managers,3,0,46.58082191780822
5113291,F,Y,Y,2,121500.0,Working,Incomplete higher,Married,House / apartment,-101,1,1,0,Core staff,4,0,31.03287671232877
5105150,F,N,Y,0,90000.0,Working,Higher education,Married,House / apartment,-1763,0,0,0,Sales staff,2,0,51.89041095890411
5117248,F,N,Y,2,112500.0,Working,Secondary / secondary special,Married,House / apartment,-2379,0,0,0,Laborers,4,0,35.54520547945206
5033439,M,Y,N,2,270000.0,Working,Higher education,Married,House / apartment,-3002,0,1,0,Unknown,4,0,32.11780821917808
5089896,F,N,Y,0,67500.0,Pensioner,Higher education,Single / not married,Municipal apartment,365243,0,0,1,Unknown,1,0,64.91506849315068
5105555,F,N,Y,0,157500.0,Working,Secondary / secondary special,Married,House / apartment,-4532,0,0,0,Laborers,2,0,54.25205479452055
5069257,F,Y,Y,1,67500.0,Working,Secondary / secondary special,Married,House / apartment,-931,0,1,1,Laborers,3,0,35.12602739726027
5097065,F,N,Y,0,121500.0,Working,Secondary / secondary special,Married,House / apartment,-8161,0,0,0,Managers,2,1,51.97534246575343
5149190,M,Y,N,1,450000.0,Working,Higher education,Married,House / apartment,-502,0,1,1,Core staff,3,1,26.97808219178082
5045513,M,Y,N,1,180000.0,Working,Secondary / secondary special,Married,House / apartment,-4491,0,0,0,Unknown,3,0,31.5013698630137
5104981,F,N,N,0,112500.0,Pensioner,Secondary / secondary special,Separated,Municipal apartment,365243,0,0,0,Unknown,1,0,59.25753424657534
5045888,F,N,Y,0,225000.0,Pensioner,Secondary / secondary special,Single / not married,House / apartment,365243,0,0,0,Unknown,1,1,63.797260273972604
5113944,F,Y,N,0,135000.0,Pensioner,Secondary / secondary special,Married,House / apartment,365243,0,1,0,Unknown,2,1,63.9013698630137
5036881,F,Y,Y,0,225000.0,Pensioner,Secondary / secondary special,Married,House / apartment,365243,0,0,0,Unknown,2,0,61.56438356164384
5088279,F,N,N,0,67500.0,Working,Secondary / secondary special,Married,House / apartment,-7013,1,1,0,Sales staff,2,0,55.0
5092245,F,N,N,0,103500.0,Pensioner,Secondary / secondary special,Married,House / apartment,365243,0,0,0,Unknown,2,1,60.57808219178082
5096342,F,N,N,0,112500.0,Working,Secondary / secondary special,Married,Municipal apartment,-1162,1,0,0,Laborers,2,0,32.02191780821918
5143402,M,Y,Y,0,144000.0,Commercial associate,Higher education,Married,House / apartment,-2356,0,1,0,Managers,2,0,52.794520547945204
5142183,M,Y,Y,2,135000.0,Commercial associate,Higher education,Married,House / apartment,-4305,1,1,0,Managers,4,1,48.87945205479452
5058531,M,N,N,0,391500.0,Working,Secondary / secondary special,Single / not married,Municipal apartment,-508,0,0,0,Sales staff,1,1,25.32054794520548
5117551,M,Y,N,1,148500.0,Commercial associate,Secondary / secondary special,Married,House / apartment,-2865,1,1,0,Drivers,3,0,35.42465753424658
5067281,M,N,Y,1,135000.0,Working,Secondary / secondary special,Civil marriage,House / apartment,-2728,0,0,0,Unknown,3,0,36.25479452054795
5044594,M,N,Y,0,67500.0,Pensioner,Secondary / secondary special,Separated,House / apartment,365243,0,1,0,Unknown,1,0,61.23561643835617
5085780,M,N,Y,0,315000.0,Commercial associate,Secondary / secondary special,Civil marriage,House / apartment,-4034,0,0,0,Managers,2,0,49.3013698630137
5149946,F,N,Y,0,180000.0,Working,Higher education,Married,House / apartment,-686,1,1,0,High skill tech staff,2,0,60.8986301369863
5022243,F,N,Y,0,202500.0,Working,Secondary / secondary special,Married,House / apartment,-8375,0,0,1,High skill tech staff,2,0,41.728767123287675
5148915,M,Y,N,2,225000.0,Commercial associate,Secondary / secondary special,Married,House / apartment,-3850,0,0,0,Unknown,4,0,40.0986301369863
5023059,M,Y,Y,1,112500.0,Working,Secondary / secondary special,Married,House / apartment,-508,0,0,0,Laborers,3,0,30.9013698630137
5125399,M,Y,N,0,112500.0,Working,Secondary / secondary special,Married,House / apartment,-834,0,0,0,Laborers,2,0,27.578082191780823
5009752,F,Y,N,0,315000.0,Commercial associate,Higher education,Married,House / apartment,-586,1,1,0,Unknown,2,1,37.14246575342466
5090386,F,N,Y,0,247500.0,Commercial associate,Higher education,Single / not married,House / apartment,-13735,0,0,0,Core staff,1,0,59.00547945205479
5028468,F,Y,Y,2,135000.0,Working,Secondary / secondary special,Married,House / apartment,-265,0,0,1,Drivers,4,0,33.989041095890414
5028917,F,Y,Y,0,112500.0,Working,Secondary / secondary special,Married,House / apartment,-1787,0,0,0,Sales staff,2,0,47.12876712328767
5054384,M,Y,N,0,292500.0,Commercial associate,Higher education,Single / not married,House / apartment,-3680,1,1,0,Laborers,1,0,38.49315068493151
5137385,F,N,N,0,112500.0,Pensioner,Secondary / secondary special,Civil marriage,House / apartment,365243,0,1,0,Unknown,2,0,63.75890410958904
5139951,F,Y,Y,0,121500.0,State servant,Secondary / secondary special,Married,House / apartment,-3231,1,0,0,Unknown,2,0,54.76164383561644
5118115,M,N,N,1,270000.0,Commercial associate,Secondary / secondary special,Married,House / apartment,-5422,1,1,0,Drivers,3,0,37.09041095890411
5149592,F,N,Y,0,157500.0,Working,Higher education,Married,House / apartment,-1812,0,1,0,Core staff,2,0,33.66849315068493
5054097,M,Y,N,2,202500.0,Working,Higher education,Married,House / apartment,-727,0,0,0,Drivers,4,0,32.153424657534245
5116879,F,N,N,0,112500.0,Working,Higher education,Single / not married,With parents,-157,1,1,0,High skill tech staff,1,0,30.304109589041097
5062362,F,N,Y,0,270000.0,Pensioner,Higher education,Married,House / apartment,365243,0,0,0,Unknown,2,0,57.02465753424657
5068389,F,Y,Y,1,270000.0,Working,Higher education,Separated,House / apartment,-140,0,1,0,Sales staff,2,1,38.4986301369863
5096415,F,N,N,0,76500.0,Working,Secondary / secondary special,Married,House / apartment,-97,1,0,0,Unknown,2,0,46.23561643835617
5090335,F,Y,Y,0,144000.0,Commercial associate,Secondary / secondary special,Civil marriage,House / apartment,-3716,1,1,0,Medicine staff,2,0,35.87671232876713
5047929,M,Y,N,0,292500.0,Working,Secondary / secondary special,Single / not married,House / apartment,-1526,0,1,0,Drivers,1,0,38.35342465753425
5065764,F,N,Y,0,90000.0,Working,Secondary / secondary special,Single / not married,House / apartment,-693,0,0,0,Unknown,1,0,40.4
5117233,M,N,Y,0,135000.0,Working,Secondary / secondary special,Married,House / apartment,-7128,0,0,0,Laborers,2,0,37.87945205479452
5126751,M,Y,N,2,135000.0,Working,Secondary / secondary special,Married,With parents,-561,0,0,0,Unknown,4,0,45.54794520547945
5135938,F,Y,N,2,315000.0,Working,Secondary / secondary special,Married,House / apartment,-3792,0,0,0,Sales staff,4,0,42.797260273972604
5116369,M,N,Y,0,112500.0,Working,Secondary / secondary special,Married,House / apartment,-3503,0,0,0,Drivers,2,0,53.45479452054794
5067653,F,N,Y,0,787500.0,State servant,Higher education,Married,House / apartment,-1431,0,0,1,Managers,2,0,47.131506849315066
5143573,M,Y,N,0,157500.0,Working,Incomplete higher,Married,With parents,-960,1,0,0,Drivers,2,0,24.997260273972604
5033520,F,Y,Y,3,180000.0,Working,Secondary / secondary special,Married,Municipal apartment,-5862,0,1,0,Medicine staff,5,0,34.40821917808219
5089596,M,Y,N,0,315000.0,Commercial associate,Secondary / secondary special,Civil marriage,House / apartment,-978,0,0,0,Managers,2,0,38.38630136986301
5111159,F,Y,Y,1,81000.0,Working,Higher education,Married,House / apartment,-1393,1,1,0,Core staff,3,0,29.172602739726027
5033574,F,Y,Y,1,135000.0,Working,Secondary / secondary special,Married,House / apartment,-141,1,1,0,Cooking staff,3,0,38.964383561643835
5149353,M,Y,Y,0,135000.0,Commercial associate,Higher education,Married,House / apartment,-3273,0,0,0,Accountants,2,0,33.446575342465756
5074735,M,Y,Y,2,216000.0,State servant,Higher education,Married,House / apartment,-2565,0,0,0,High skill tech staff,4,0,30.46849315068493
5143219,F,N,Y,0,67500.0,Pensioner,Lower secondary,Single / not married,House / apartment,365243,0,0,0,Unknown,1,0,60.67123287671233
5126108,F,N,Y,0,112500.0,State servant,Secondary / secondary special,Single / not married,House / apartment,-13010,1,0,0,Core staff,1,0,56.37534246575343
5146463,M,Y,N,0,360000.0,State servant,Higher education,Married,House / apartment,-1923,0,0,0,Unknown,2,0,27.350684931506848
5125775,F,N,Y,0,112500.0,Working,Secondary / secondary special,Married,House / apartment,-469,0,0,0,Unknown,2,0,64.0
5048642,F,N,N,0,157500.0,Pensioner,Secondary / secondary special,Separated,House / apartment,365243,0,0,0,Unknown,1,0,65.88493150684931
5067924,F,N,Y,0,112500.0,Pensioner,Secondary / secondary special,Widow,House / apartment,365243,0,0,0,Unknown,1,0,62.30958904109589
5078820,F,N,N,2,225000.0,Commercial associate,Secondary / secondary special,Married,House / apartment,-4987,0,0,0,High skill tech staff,4,1,39.66027397260274
5095423,M,Y,Y,0,405000.0,Working,Higher education,Married,House / apartment,-1830,1,0,1,Unknown,2,0,32.11780821917808
5062136,M,N,N,1,180000.0,Working,Secondary / secondary special,Single / not married,House / apartment,-137,0,0,0,Laborers,2,1,35.47123287671233
5051120,M,N,N,0,202500.0,State servant,Higher education,Married,House / apartment,-5006,0,0,0,Core staff,2,0,34.863013698630134
5069117,F,N,Y,0,180000.0,Pensioner,Secondary / secondary special,Single / not married,House / apartment,365243,0,0,0,Unknown,1,0,56.37534246575343
5058532,M,N,N,0,391500.0,Working,Secondary / secondary special,Single / not married,Municipal apartment,-508,0,0,0,Sales staff,1,1,62.06849315068493
5045894,F,N,Y,0,225000.0,Pensioner,Secondary / secondary special,Single / not married,House / apartment,365243,0,0,0,Unknown,1,1,63.797260273972604
5044809,F,N,Y,0,135000.0,Working,Higher education,Single / not married,House / apartment,-1133,0,0,0,Managers,1,0,24.931506849315067
5067949,F,N,Y,0,157500.0,Commercial associate,Secondary / secondary special,Single / not married,House / apartment,-3591,0,1,1,Unknown,1,0,49.679452054794524
5116818,M,N,Y,0,85500.0,State servant,Secondary / secondary special,Separated,Co-op apartment,-8737,1,1,0,Core staff,1,0,45.320547945205476
5028615,M,Y,Y,0,225000.0,Commercial associate,Higher education,Single / not married,With parents,-2152,0,1,0,Sales staff,1,0,29.263013698630136
5117313,F,N,Y,1,157500.0,Commercial associate,Secondary / secondary special,Married,House / apartment,-3931,1,1,0,Laborers,3,1,35.676712328767124
5021490,M,N,Y,0,135000.0,Working,Secondary / secondary special,Single / not married,House / apartment,-609,0,1,0,Sales staff,1,0,29.265753424657536
5028907,F,N,N,0,67500.0,Working,Secondary / secondary special,Married,House / apartment,-1876,0,0,0,Sales staff,2,0,27.295890410958904
5051007,F,N,N,0,306000.0,Commercial associate,Higher education,Married,House / apartment,-1354,0,0,0,Managers,2,0,29.334246575342465
5112765,F,Y,N,1,315000.0,Commercial associate,Higher education,Married,House / apartment,-2065,1,1,1,Unknown,3,0,30.205479452054796
5146005,M,Y,Y,0,225000.0,Working,Secondary / secondary special,Single / not married,House / apartment,-189,0,0,1,Managers,1,1,27.882191780821916
5096604,F,Y,N,1,225000.0,Working,Higher education,Civil marriage,House / apartment,-980,1,1,0,Core staff,3,0,37.06301369863014
5096527,F,N,N,0,135000.0,Working,Secondary / secondary special,Widow,Co-op apartment,-584,0,0,0,Core staff,1,1,54.827397260273976
5149744,F,N,Y,1,105750.0,Working,Secondary / secondary special,Married,With parents,-1386,0,0,0,Cleaning staff,3,0,34.93972602739726
5022449,F,N,N,0,315000.0,Working,Secondary / secondary special,Separated,House / apartment,-1978,0,0,1,Core staff,1,0,48.136986301369866
5091826,F,N,Y,0,157500.0,Pensioner,Secondary / secondary special,Married,House / apartment,365243,0,0,0,Unknown,2,0,64.73150684931507
5024163,M,Y,Y,3,202500.0,Working,Secondary / secondary special,Married,House / apartment,-1981,0,0,0,Laborers,5,0,36.57534246575342
5125585,F,N,Y,0,121500.0,Pensioner,Secondary / secondary special,Married,House / apartment,365243,0,1,0,Unknown,2,0,61.83835616438356
5061321,F,Y,Y,1,261000.0,State servant,Higher education,Married,House / apartment,-1628,0,0,0,Managers,3,0,41.23287671232877
5028919,F,Y,Y,0,112500.0,Working,Secondary / secondary special,Married,House / apartment,-1787,0,0,0,Sales staff,2,0,47.12876712328767
5142361,M,Y,Y,1,112500.0,Working,Secondary / secondary special,Married,House / apartment,-925,1,1,0,Drivers,3,1,44.394520547945206
5135460,F,N,Y,3,37800.0,Pensioner,Secondary / secondary special,Married,House / apartment,365243,0,0,0,Unknown,5,0,35.654794520547945
5023719,F,Y,Y,0,175500.0,Pensioner,Higher education,Married,House / apartment,365243,0,1,0,Unknown,2,0,60.484931506849314
5067767,F,N,Y,0,202500.0,State servant,Secondary / secondary special,Single / not married,House / apartment,-5437,0,0,0,Medicine staff,1,0,63.94794520547945
5085768,M,Y,Y,1,405000.0,State servant,Higher education,Married,House / apartment,-4917,0,0,0,Managers,3,0,31.594520547945205
5045611,F,N,Y,2,90000.0,Working,Secondary / secondary special,Married,House / apartment,-716,0,0,0,Unknown,4,0,32.224657534246575
5062286,M,N,Y,0,202500.0,Commercial associate,Secondary / secondary special,Married,House / apartment,-1081,1,0,1,Core staff,2,0,22.884931506849316
5033418,M,Y,N,0,202500.0,Commercial associate,Secondary / secondary special,Married,House / apartment,-2180,0,1,0,Managers,2,0,29.46849315068493
5096300,F,N,N,1,112500.0,Commercial associate,Secondary / secondary special,Married,House / apartment,-2257,0,0,0,High skill tech staff,3,0,25.534246575342465
5021775,F,N,Y,0,292500.0,Commercial associate,Higher education,Civil marriage,House / apartment,-1552,0,0,0,Laborers,2,0,39.78630136986301
5052963,M,Y,Y,0,135000.0,Commercial associate,Secondary / secondary special,Married,House / apartment,-2606,0,0,0,Laborers,2,0,27.353424657534248
5054648,F,N,Y,0,112500.0,Pensioner,Secondary / secondary special,Single / not married,House / apartment,365243,0,0,0,Unknown,1,0,66.40547945205479
5021967,F,N,N,1,103500.0,Working,Secondary / secondary special,Married,House / apartment,-1191,0,0,0,Sales staff,3,0,32.10958904109589
5092087,M,Y,Y,2,247500.0,Working,Secondary / secondary special,Married,House / apartment,-535,0,0,0,Laborers,4,1,47.45205479452055
5099957,F,Y,Y,1,225000.0,Commercial associate,Higher education,Married,House / apartment,-460,0,0,0,Accountants,3,0,30.791780821917808
5029554,F,N,Y,0,103500.0,Pensioner,Secondary / secondary special,Widow,House / apartment,365243,0,0,0,Unknown,1,0,65.07123287671233
5113259,F,Y,Y,0,247500.0,Working,Secondary / secondary special,Single / not married,With parents,-285,0,0,0,Sales staff,1,0,32.24657534246575
5091795,F,Y,N,1,90000.0,Working,Secondary / secondary special,Married,House / apartment,-991,0,0,0,Laborers,3,0,41.586301369863016
5021293,F,Y,Y,1,180000.0,Commercial associate,Higher education,Married,House / apartment,-183,0,0,1,Core staff,3,0,32.605479452054794
5142649,M,Y,N,0,157500.0,Working,Secondary / secondary special,Civil marriage,House / apartment,-2234,0,1,0,Laborers,2,0,48.15068493150685
5136976,F,N,N,0,306000.0,State servant,Higher education,Married,House / apartment,-5587,0,0,0,Medicine staff,2,0,34.73150684931507
5125934,F,N,Y,2,135000.0,Commercial associate,Lower secondary,Civil marriage,With parents,-1868,1,0,0,Sales staff,4,1,27.019178082191782
5125478,F,N,Y,0,202500.0,Pensioner,Secondary / secondary special,Married,House / apartment,365243,0,0,0,Unknown,2,0,56.605479452054794
5022063,F,N,Y,0,180000.0,Pensioner,Higher education,Married,House / apartment,365243,0,1,0,Unknown,2,0,55.16438356164384
5038582,F,N,Y,0,112500.0,Pensioner,Secondary / secondary special,Married,House / apartment,365243,0,0,0,Unknown,2,0,66.64931506849315
5054063,M,N,N,1,157500.0,Working,Secondary / secondary special,Married,House / apartment,-1458,0,0,0,Drivers,3,1,44.9972602739726
5090612,F,Y,N,0,202500.0,Working,Higher education,Married,House / apartment,-2905,0,0,0,Accountants,2,0,37.775342465753425
5021584,F,N,N,1,40500.0,State servant,Secondary / secondary special,Married,Rented apartment,-1952,0,0,0,Cooking staff,3,0,35.75890410958904
5053003,F,Y,Y,0,157500.0,Working,Incomplete higher,Married,House / apartment,-1632,1,1,0,Unknown,2,0,25.723287671232878
5113539,F,N,Y,0,157500.0,Working,Secondary / secondary special,Married,House / apartment,-1776,0,0,0,Laborers,2,0,57.46849315068493
5137542,F,N,N,0,157500.0,Working,Secondary / secondary special,Married,House / apartment,-3153,1,0,0,Cooking staff,2,0,51.728767123287675
5062594,M,Y,Y,1,135000.0,State servant,Higher education,Married,House / apartment,-145,0,0,1,Core staff,3,0,24.58082191780822
5051160,M,Y,N,1,135000.0,Working,Secondary / secondary special,Married,House / apartment,-866,0,0,0,Laborers,3,1,26.284931506849315
5036870,F,N,Y,0,72000.0,Pensioner,Secondary / secondary special,Married,House / apartment,365243,0,0,0,Unknown,2,0,59.78356164383562
5038897,F,N,Y,0,135000.0,Pensioner,Secondary / secondary special,Married,House / apartment,365243,0,1,0,Unknown,2,0,62.701369863013696
5126034,F,Y,Y,0,108000.0,Working,Secondary / secondary special,Separated,House / apartment,-925,0,0,1,Cleaning staff,1,0,47.04383561643836
5091639,M,Y,Y,0,202500.0,Working,Secondary / secondary special,Single / not married,House / apartment,-3061,0,0,0,Unknown,1,0,49.56986301369863
5068651,M,Y,Y,0,360000.0,State servant,Higher education,Separated,House / apartment,-1905,0,0,0,Core staff,1,1,52.89041095890411
5148934,M,Y,N,0,108000.0,Working,Secondary / secondary special,Married,Office apartment,-1081,0,0,0,Security staff,2,1,47.14794520547945
5048448,F,N,Y,0,202500.0,Pensioner,Secondary / secondary special,Married,House / apartment,365243,0,0,0,Unknown,2,0,62.06849315068493
5135779,F,N,Y,0,126000.0,Working,Secondary / secondary special,Married,House / apartment,-2147,0,1,0,Accountants,2,0,65.32602739726028
5142930,F,Y,N,0,56250.0,Pensioner,Secondary / secondary special,Married,House / apartment,365243,0,0,0,Unknown,2,0,58.47123287671233
5087536,M,N,Y,0,81000.0,Commercial associate,Higher education,Single / not married,House / apartment,-1928,0,1,0,Laborers,1,0,27.052054794520547
5050793,F,N,N,0,315000.0,State servant,Higher education,Married,House / apartment,-6648,0,0,0,Core staff,2,0,58.21095890410959
5046183,F,N,Y,2,115200.0,Commercial associate,Secondary / secondary special,Married,House / apartment,-716,0,0,0,Laborers,4,0,40.75616438356165
5090049,F,N,Y,0,69372.0,Working,Secondary / secondary special,Married,House / apartment,-217,1,1,0,Laborers,2,0,43.52602739726027
5149828,M,Y,Y,0,315000.0,Working,Secondary / secondary special,Married,House / apartment,-2420,0,0,0,Managers,2,1,47.52876712328767
5092349,F,N,Y,0,225000.0,Working,Secondary / secondary special,Widow,House / apartment,-2057,0,0,0,Sales staff,1,0,52.74520547945205
5091735,F,Y,Y,0,243000.0,Working,Secondary / secondary special,Single / not married,House / apartment,-2057,0,0,0,Sales staff,1,0,40.31780821917808
5062407,F,N,Y,0,103500.0,Pensioner,Secondary / secondary special,Widow,House / apartment,365243,0,1,0,Unknown,1,0,66.01095890410959
5132329,F,N,N,0,135000.0,Pensioner,Secondary / secondary special,Married,House / apartment,365243,0,0,0,Unknown,2,0,62.33424657534247
5114240,F,N,N,0,270000.0,Working,Secondary / secondary special,Married,House / apartment,-712,1,0,0,Managers,2,0,45.81643835616438
5038510,F,N,Y,0,103500.0,Working,Incomplete higher,Married,House / apartment,-4583,0,0,0,Laborers,2,0,32.47945205479452
5066597,F,N,N,1,360000.0,Commercial associate,Higher education,Civil marriage,House / apartment,-1922,0,0,0,Sales staff,3,0,40.56164383561644
5008889,F,N,Y,0,247500.0,Commercial associate,Higher education,Separated,Rented apartment,-1347,0,0,0,Core staff,1,0,46.61917808219178
5010078,M,Y,N,2,157500.0,Working,Secondary / secondary special,Married,Municipal apartment,-1135,0,0,0,Cleaning staff,4,0,34.295890410958904
5062031,F,Y,Y,0,225000.0,Working,Higher education,Single / not married,House / apartment,-593,0,1,1,Unknown,1,0,26.542465753424658
5023781,M,N,Y,0,157500.0,Commercial associate,Higher education,Civil marriage,House / apartment,-1086,0,0,0,Accountants,2,1,48.76712328767123
5024258,M,N,Y,0,162000.0,Working,Secondary / secondary special,Single / not married,House / apartment,-581,0,0,0,Security staff,1,0,31.493150684931507
5052622,M,Y,Y,1,180000.0,Commercial associate,Secondary / secondary special,Married,House / apartment,-1994,0,1,0,High skill tech staff,3,0,43.8027397260274
5033814,F,N,Y,0,135000.0,Working,Secondary / secondary special,Married,House / apartment,-1182,0,0,0,Laborers,2,0,36.035616438356165
5090310,M,Y,Y,0,135000.0,Pensioner,Secondary / secondary special,Married,House / apartment,365243,0,0,0,Unknown,2,0,67.34246575342466
5029423,F,N,Y,1,315000.0,State servant,Secondary / secondary special,Civil marriage,House / apartment,-2514,0,0,1,Core staff,3,0,30.7013698630137
5044939,M,N,Y,2,360000.0,State servant,Higher education,Married,House / apartment,-5639,0,1,0,Managers,4,0,43.90958904109589
5050853,M,N,N,0,180000.0,Commercial associate,Higher education,Single / not married,House / apartment,-1505,0,0,0,High skill tech staff,1,0,25.994520547945207
5079181,F,N,N,0,112500.0,Commercial associate,Incomplete higher,Married,House / apartment,-2339,0,1,0,Unknown,2,0,27.882191780821916
5143453,M,Y,Y,0,247500.0,State servant,Secondary / secondary special,Civil marriage,House / apartment,-1749,0,0,0,High skill tech staff,2,0,32.635616438356166
5062749,M,Y,N,1,202500.0,State servant,Higher education,Married,House / apartment,-2467,0,0,0,Unknown,3,0,36.676712328767124
5117778,F,Y,N,0,144000.0,Working,Secondary / secondary special,Widow,House / apartment,-1345,0,0,0,HR staff,1,0,39.47123287671233
5112966,F,N,N,0,112500.0,Working,Secondary / secondary special,Married,House / apartment,-10688,0,1,0,Unknown,2,0,51.52054794520548
5113455,F,N,Y,1,126000.0,Commercial associate,Secondary / secondary special,Married,House / apartment,-4119,0,0,0,Laborers,3,0,49.6986301369863
5091564,F,Y,Y,1,135000.0,Working,Secondary / secondary special,Married,House / apartment,-1753,0,1,0,Sales staff,3,0,40.917808219178085
5026368,M,N,Y,1,112500.0,Working,Higher education,Married,House / apartment,-5460,1,1,0,Unknown,3,0,37.484931506849314
5142163,M,N,Y,1,360000.0,Working,Secondary / secondary special,Civil marriage,House / apartment,-2554,0,0,0,Sales staff,3,0,31.572602739726026
5041535,F,N,Y,0,180000.0,Commercial associate,Secondary / secondary special,Widow,House / apartment,-1463,0,1,0,Laborers,1,0,54.298630136986304
5067242,F,Y,Y,0,391500.0,Working,Secondary / secondary special,Married,House / apartment,-7264,0,0,0,Core staff,2,0,46.56164383561644
5048486,M,Y,Y,0,202500.0,Working,Secondary / secondary special,Married,House / apartment,-734,1,1,0,Drivers,2,0,35.59452054794521
5099877,F,Y,Y,0,103500.0,Pensioner,Secondary / secondary special,Married,House / apartment,365243,0,1,0,Unknown,2,0,59.37260273972603
5095020,F,N,Y,0,225000.0,Commercial associate,Secondary / secondary special,Civil marriage,House / apartment,-671,0,0,0,Unknown,2,0,35.74246575342466
5142239,F,Y,Y,0,270000.0,State servant,Higher education,Married,House / apartment,-8230,0,0,0,Managers,2,0,44.989041095890414
5143314,M,N,Y,0,114750.0,Pensioner,Secondary / secondary special,Separated,House / apartment,365243,0,0,0,Unknown,1,0,58.26849315068493
5146296,F,N,N,0,67500.0,Working,Secondary / secondary special,Married,House / apartment,-3902,1,0,0,Security staff,2,0,49.394520547945206
5125730,F,Y,Y,1,119700.0,Working,Higher education,Married,House / apartment,-3329,0,1,0,Unknown,3,0,35.775342465753425
5036396,F,Y,Y,0,112500.0,Working,Secondary / secondary special,Civil marriage,House / apartment,-1256,0,0,0,Cooking staff,2,0,37.49589041095891
5069218,F,Y,Y,0,256500.0,Commercial associate,Higher education,Single / not married,House / apartment,-1724,1,0,0,Accountants,2,1,30.71232876712329
5117202,F,N,Y,0,135000.0,Working,Secondary / secondary special,Single / not married,House / apartment,-95,0,0,0,Sales staff,1,0,37.06849315068493
5045800,M,Y,Y,1,427500.0,Working,Secondary / secondary special,Married,House / apartment,-2543,0,1,0,Drivers,3,0,32.58082191780822
5041980,F,N,N,0,211500.0,Commercial associate,Higher education,Married,With parents,-4690,1,1,0,Laborers,2,0,40.0986301369863
5112652,F,N,N,0,67500.0,Working,Secondary / secondary special,Married,With parents,-2827,1,1,0,Cooking staff,2,0,44.33424657534247
5033500,M,N,Y,0,202500.0,Commercial associate,Secondary / secondary special,Married,House / apartment,-1997,0,0,0,Laborers,2,0,48.15890410958904
5142763,F,N,N,0,117000.0,Commercial associate,Secondary / secondary special,Single / not married,With parents,-530,0,0,0,Sales staff,1,0,27.454794520547946
5010202,M,Y,Y,0,135000.0,Working,Lower secondary,Married,With parents,-1866,0,0,1,Laborers,2,0,27.345205479452055
5125325,M,Y,N,0,292500.0,Commercial associate,Secondary / secondary special,Married,House / apartment,-2722,0,0,0,Unknown,2,0,57.18904109589041
5099900,M,Y,Y,0,157500.0,Commercial associate,Secondary / secondary special,Married,House / apartment,-6853,0,0,0,Laborers,2,0,55.728767123287675
5050485,F,N,N,0,292500.0,Commercial associate,Secondary / secondary special,Civil marriage,House / apartment,-10758,0,0,0,Laborers,2,0,51.227397260273975
5149296,F,Y,Y,0,247500.0,Commercial associate,Higher education,Married,House / apartment,-1871,0,1,1,Unknown,2,0,39.62191780821918
5041320,F,N,N,0,157500.0,Working,Higher education,Single / not married,Office apartment,-3289,0,0,0,Laborers,1,0,51.98082191780822
5090805,F,N,N,0,135000.0,Working,Secondary / secondary special,Single / not married,House / apartment,-6614,0,0,0,Unknown,1,0,46.06575342465754
5056149,M,Y,N,0,157500.0,Working,Secondary / secondary special,Married,House / apartment,-14887,0,0,0,Laborers,2,0,64.17534246575343
5010874,F,N,Y,0,45000.0,Pensioner,Secondary / secondary special,Married,House / apartment,365243,0,1,0,Unknown,2,0,56.679452054794524
5105137,F,N,Y,0,112500.0,Working,Secondary / secondary special,Single / not married,House / apartment,-1032,0,0,0,Laborers,1,0,27.279452054794522
5118280,F,N,N,0,112500.0,Pensioner,Secondary / secondary special,Single / not married,Municipal apartment,365243,0,0,0,Unknown,2,1,58.52876712328767
5090232,F,N,Y,0,135000.0,Working,Secondary / secondary special,Widow,House / apartment,-9447,0,0,0,High skill tech staff,1,0,60.21095890410959
5148748,F,Y,Y,1,135000.0,Commercial associate,Incomplete higher,Civil marriage,House / apartment,-686,0,1,0,Unknown,3,0,31.421917808219177
5047667,F,N,N,0,90000.0,Commercial associate,Secondary / secondary special,Married,House / apartment,-522,0,0,0,Unknown,2,0,23.863013698630137
5117182,M,Y,N,0,112500.0,Pensioner,Secondary / secondary special,Married,House / apartment,365243,0,0,0,Unknown,2,0,56.35616438356164
5021730,F,Y,Y,1,180000.0,Commercial associate,Secondary / secondary special,Married,House / apartment,-1375,0,0,1,Cleaning staff,3,0,46.49589041095891
5054099,M,Y,N,2,202500.0,Working,Higher education,Married,House / apartment,-727,0,0,0,Drivers,4,0,32.153424657534245
5022156,F,Y,Y,2,180000.0,Commercial associate,Higher education,Married,House / apartment,-2866,0,1,1,Unknown,4,0,32.106849315068494
5149799,F,N,Y,0,126000.0,Commercial associate,Secondary / secondary special,Civil marriage,Municipal apartment,-2024,1,1,0,Laborers,2,0,28.542465753424658
5026539,F,N,Y,0,112500.0,Working,Secondary / secondary special,Single / not married,House / apartment,-1381,0,1,0,High skill tech staff,1,0,43.394520547945206
5146123,F,N,N,0,54000.0,Pensioner,Secondary / secondary special,Single / not married,House / apartment,365243,0,0,0,Unknown,1,0,55.156164383561645
5029538,F,N,Y,0,112500.0,Working,Higher education,Civil marriage,House / apartment,-1205,0,0,0,Core staff,2,0,35.02191780821918
5115957,F,Y,Y,0,180000.0,Working,Secondary / secondary special,Widow,House / apartment,-4304,0,0,0,Sales staff,1,0,42.44931506849315
5090464,F,N,N,0,126000.0,Commercial associate,Secondary / secondary special,Married,House / apartment,-5760,1,0,0,Managers,2,0,45.775342465753425
5088851,F,Y,Y,0,112500.0,Working,Higher education,Married,House / apartment,-2316,0,0,1,Accountants,2,0,31.104109589041094
5009579,F,N,N,0,112500.0,Pensioner,Secondary / secondary special,Married,House / apartment,365243,0,0,0,Unknown,2,0,58.4
5118279,F,N,N,0,112500.0,Pensioner,Secondary / secondary special,Married,Municipal apartment,365243,0,0,0,Unknown,2,1,58.52876712328767
5028292,F,N,Y,0,292500.0,Working,Higher education,Separated,House / apartment,-12621,0,1,0,Core staff,1,0,54.07123287671233
5054106,F,N,N,0,67500.0,Pensioner,Secondary / secondary special,Separated,House / apartment,365243,0,0,0,Unknown,1,0,58.94794520547945
5068367,F,Y,Y,1,270000.0,Working,Secondary / secondary special,Married,House / apartment,-3246,0,0,0,Laborers,3,0,38.586301369863016
5078841,M,N,Y,0,225000.0,Working,Secondary / secondary special,Married,House / apartment,-3282,0,0,0,Medicine staff,2,0,55.61095890410959
5095873,F,N,N,0,202500.0,Working,Higher education,Civil marriage,House / apartment,-5179,1,1,0,Core staff,2,0,41.942465753424656
5033714,M,N,Y,1,135000.0,Working,Secondary / secondary special,Married,House / apartment,-3032,1,1,0,Security staff,3,0,37.75890410958904
5100394,M,N,Y,1,315000.0,Commercial associate,Secondary / secondary special,Married,House / apartment,-3900,0,0,0,Core staff,3,0,33.66301369863014
5024097,F,Y,N,0,126000.0,State servant,Incomplete higher,Single / not married,House / apartment,-5206,1,0,0,Core staff,1,0,32.81643835616438
5011032,F,N,Y,1,135000.0,Working,Academic degree,Civil marriage,House / apartment,-7557,0,1,0,Unknown,3,0,47.915068493150685
5100027,F,Y,N,0,180000.0,Working,Secondary / secondary special,Married,House / apartment,-11542,0,0,0,Medicine staff,2,0,52.92328767123288
5010412,F,N,Y,0,202500.0,Pensioner,Secondary / secondary special,Married,House / apartment,365243,0,0,0,Unknown,2,0,59.87397260273973
5009980,F,Y,Y,0,180000.0,State servant,Secondary / secondary special,Married,House / apartment,-3873,0,0,0,Medicine staff,2,0,56.558904109589044
5105657,F,Y,Y,2,540000.0,Working,Higher education,Single / not married,House / apartment,-422,0,1,1,Unknown,3,0,38.794520547945204
5053117,M,Y,N,1,270000.0,Commercial associate,Secondary / secondary special,Civil marriage,House / apartment,-1420,0,0,0,Unknown,3,0,37.07945205479452
5135531,M,Y,Y,0,225000.0,Working,Secondary / secondary special,Separated,House / apartment,-1751,0,0,0,Drivers,1,0,37.99178082191781
5126612,F,Y,N,0,180000.0,Pensioner,Secondary / secondary special,Widow,House / apartment,365243,0,1,0,Unknown,1,0,55.87671232876713
5053610,F,N,Y,0,112500.0,Working,Secondary / secondary special,Married,Municipal apartment,-3680,0,0,0,Unknown,2,0,56.40821917808219
5009791,F,N,N,0,198000.0,Pensioner,Secondary / secondary special,Widow,House / apartment,365243,0,1,0,Unknown,1,0,60.27945205479452
5066562,F,N,N,0,180000.0,Commercial associate,Incomplete higher,Married,With parents,-430,1,0,1,Sales staff,2,0,22.594520547945205
5069227,F,Y,Y,0,135000.0,Commercial associate,Secondary / secondary special,Married,House / apartment,-962,0,1,0,Sales staff,2,0,47.47945205479452
5065363,F,N,Y,1,216000.0,Working,Higher education,Single / not married,House / apartment,-1782,0,1,0,Core staff,2,0,28.8
5088101,F,Y,Y,0,270000.0,Working,Secondary / secondary special,Separated,House / apartment,-375,0,0,0,Unknown,1,0,46.49589041095891
5050724,F,Y,N,0,360000.0,Working,Higher education,Married,House / apartment,-2296,1,1,0,Accountants,2,0,35.19178082191781
5069466,F,Y,Y,0,166500.0,Working,Secondary / secondary special,Married,House / apartment,-3123,0,0,0,Laborers,2,0,33.4027397260274
5022041,M,N,Y,0,180000.0,Working,Secondary / secondary special,Married,House / apartment,-1405,0,0,1,Sales staff,2,0,27.53150684931507
5066689,F,N,Y,0,180000.0,Commercial associate,Higher education,Civil marriage,House / apartment,-341,0,1,1,Sales staff,2,0,35.46849315068493
5139553,F,Y,Y,2,157500.0,Commercial associate,Higher education,Married,House / apartment,-6337,0,1,0,Medicine staff,4,0,37.21643835616438
5136020,M,Y,N,1,351000.0,Commercial associate,Secondary / secondary special,Married,House / apartment,-8479,0,0,0,Private service staff,3,0,44.227397260273975
5095170,M,Y,Y,0,252000.0,Commercial associate,Higher education,Married,House / apartment,-2682,0,0,0,Drivers,2,0,37.797260273972604
5137175,F,N,N,0,225000.0,Working,Secondary / secondary special,Married,House / apartment,-3760,1,1,0,Sales staff,2,0,55.18356164383562
5087944,F,N,Y,0,72000.0,Working,Secondary / secondary special,Widow,House / apartment,-2078,1,1,0,Cleaning staff,1,0,54.583561643835615
5126543,F,Y,N,0,112500.0,Working,Secondary / secondary special,Married,House / apartment,-3453,0,0,0,Laborers,2,0,28.04931506849315
5009053,F,N,Y,2,202500.0,Working,Higher education,Married,House / apartment,-2289,0,0,1,Core staff,4,0,30.12876712328767
5114643,F,Y,N,0,247500.0,Working,Secondary / secondary special,Separated,House / apartment,-2142,0,0,0,Laborers,1,0,37.11232876712329
5126101,F,N,Y,0,112500.0,Pensioner,Secondary / secondary special,Married,House / apartment,365243,0,1,0,Unknown,2,0,57.64931506849315
5116606,M,Y,Y,0,180000.0,Working,Incomplete higher,Married,House / apartment,-4599,0,1,0,Laborers,2,0,46.89041095890411
5067345,F,Y,N,0,180000.0,Commercial associate,Secondary / secondary special,Married,House / apartment,-1085,0,1,0,Unknown,2,0,45.31780821917808
5148792,F,N,Y,0,202500.0,Commercial associate,Secondary / secondary special,Widow,House / apartment,-5495,0,0,0,Managers,1,0,47.80821917808219
5091778,M,N,Y,2,112500.0,Commercial associate,Secondary / secondary special,Married,House / apartment,-1174,1,0,0,Laborers,4,0,29.791780821917808
5125172,F,Y,Y,0,157500.0,Working,Secondary / secondary special,Married,House / apartment,-438,0,0,0,Laborers,2,0,41.15890410958904
5052606,M,N,Y,0,202500.0,Commercial associate,Secondary / secondary special,Single / not married,Rented apartment,-1598,0,0,0,Unknown,1,0,51.465753424657535
5035431,M,Y,Y,0,135000.0,Working,Secondary / secondary special,Single / not married,House / apartment,-1072,0,0,0,Drivers,1,0,38.73424657534247
5149838,F,N,Y,0,157500.0,Pensioner,Higher education,Married,House / apartment,-1325,0,1,1,Medicine staff,2,1,33.93698630136986
5033797,F,Y,Y,0,148500.0,Commercial associate,Secondary / secondary special,Married,Office apartment,-2277,0,0,0,Core staff,2,0,46.868493150684934
5118038,F,N,N,2,121500.0,Working,Higher education,Married,House / apartment,-614,0,0,0,HR staff,4,0,32.04657534246575
5118278,F,N,N,0,112500.0,Pensioner,Secondary / secondary special,Married,Municipal apartment,365243,0,0,0,Unknown,2,1,58.52876712328767
5053711,F,Y,N,2,157500.0,Commercial associate,Incomplete higher,Married,House / apartment,-1399,0,0,1,Unknown,4,0,35.224657534246575
5090954,F,N,N,0,270000.0,State servant,Secondary / secondary special,Separated,House / apartment,-12332,0,1,1,Medicine staff,1,0,53.04931506849315
5137365,M,Y,N,0,337500.0,Working,Secondary / secondary special,Married,House / apartment,-1022,0,1,0,Drivers,2,0,39.66849315068493
5067016,M,N,Y,0,225000.0,Working,Secondary / secondary special,Single / not married,House / apartment,-461,0,0,0,Drivers,1,0,27.194520547945206
5068310,M,N,Y,1,198000.0,Commercial associate,Incomplete higher,Single / not married,House / apartment,-140,0,0,0,Managers,2,0,26.435616438356163
5114032,F,N,N,0,99000.0,Working,Higher education,Married,House / apartment,-5521,0,0,0,Unknown,2,0,40.16712328767123
5149660,F,N,Y,1,180000.0,Commercial associate,Secondary / secondary special,Civil marriage,House / apartment,-2967,0,0,0,Realty agents,3,0,32.657534246575345
5126687,F,N,Y,0,90000.0,Working,Secondary / secondary special,Married,House / apartment,-3149,1,0,0,Unknown,2,0,54.51780821917808
5028446,F,Y,Y,0,162000.0,Working,Secondary / secondary special,Single / not married,House / apartment,-2822,0,0,0,Laborers,1,0,49.50958904109589
5035546,F,N,Y,0,126000.0,Pensioner,Secondary / secondary special,Widow,House / apartment,365243,0,0,0,Unknown,1,0,66.81369863013698
5117331,F,Y,Y,0,270000.0,Commercial associate,Secondary / secondary special,Separated,House / apartment,-2257,0,1,0,Sales staff,1,0,41.16986301369863
5036936,F,N,Y,0,157500.0,Pensioner,Secondary / secondary special,Separated,House / apartment,365243,0,0,0,Unknown,1,0,61.26575342465753
5067730,F,N,Y,1,135000.0,Commercial associate,Incomplete higher,Married,House / apartment,-2616,1,1,0,Managers,3,0,28.186301369863013
5066465,F,Y,Y,0,135000.0,Working,Secondary / secondary special,Separated,House / apartment,-1406,0,0,0,Laborers,1,0,44.413698630136984
5092436,F,Y,Y,0,112500.0,Pensioner,Secondary / secondary special,Married,House / apartment,365243,0,1,0,Unknown,2,0,54.57808219178082
5136909,M,N,N,1,360000.0,Working,Secondary / secondary special,Married,House / apartment,-2908,1,0,1,Managers,3,0,41.76438356164383
5099914,F,N,Y,2,126000.0,Working,Secondary / secondary special,Married,House / apartment,-1587,1,1,0,Sales staff,4,0,27.45205479452055
5115921,M,Y,Y,0,360000.0,Commercial associate,Secondary / secondary special,Married,House / apartment,-314,0,0,0,Drivers,2,0,42.038356164383565
5100220,M,Y,Y,2,315000.0,Commercial associate,Secondary / secondary special,Married,House / apartment,-6123,0,0,0,Drivers,4,0,41.59452054794521
5117756,M,Y,N,0,306000.0,Working,Secondary / secondary special,Married,House / apartment,-1649,0,0,0,Managers,2,0,43.865753424657534
5117392,F,N,N,0,135000.0,Commercial associate,Incomplete higher,Single / not married,House / apartment,-339,0,0,0,Accountants,1,0,48.26027397260274
5028909,F,N,N,0,67500.0,Working,Secondary / secondary special,Married,House / apartment,-1876,0,0,0,Sales staff,2,0,27.295890410958904
5089722,F,N,N,0,315000.0,Commercial associate,Secondary / secondary special,Separated,House / apartment,-3262,1,1,1,Private service staff,1,0,48.26575342465753
5105791,M,N,N,0,121500.0,State servant,Incomplete higher,Single / not married,House / apartment,-1611,1,0,0,Laborers,1,0,24.512328767123286
5052811,F,N,Y,0,117000.0,Working,Secondary / secondary special,Married,House / apartment,-4523,0,0,0,Managers,2,0,47.09315068493151
5037088,F,N,Y,0,81000.0,Pensioner,Secondary / secondary special,Married,House / apartment,365243,0,0,0,Unknown,2,0,58.87671232876713
5091457,F,N,Y,2,103500.0,Working,Secondary / secondary special,Married,House / apartment,-6621,1,1,0,Medicine staff,4,0,62.06849315068493
5009706,F,N,N,0,157500.0,Working,Higher education,Married,House / apartment,-344,0,0,0,Managers,2,0,31.9013698630137
5050768,F,N,N,2,337500.0,Working,Secondary / secondary special,Married,House / apartment,-2174,0,0,0,Core staff,4,0,30.10958904109589
5028280,F,N,N,1,157500.0,Commercial associate,Incomplete higher,Married,With parents,-2760,0,0,0,Unknown,3,0,32.71506849315068
5009023,F,N,Y,2,216000.0,State servant,Higher education,Married,House / apartment,-3112,0,0,1,Unknown,4,0,42.31232876712329
5035627,M,Y,Y,0,337500.0,Working,Higher education,Married,House / apartment,-6764,0,0,0,Managers,2,0,49.61643835616438
5033729,M,Y,Y,0,90000.0,Working,Secondary / secondary special,Married,House / apartment,-5436,1,1,0,Laborers,2,0,32.92876712328767
5089497,F,N,N,1,112500.0,Working,Secondary / secondary special,Widow,House / apartment,-1313,0,0,0,Unknown,2,0,54.605479452054794
5041273,M,N,Y,0,445500.0,Commercial associate,Higher education,Separated,House / apartment,-2469,0,0,0,Unknown,1,0,52.87123287671233
5068238,F,N,Y,0,247500.0,Working,Secondary / secondary special,Married,House / apartment,-2545,1,1,0,Laborers,2,0,30.87123287671233
5061611,M,Y,Y,1,225000.0,Working,Secondary / secondary special,Married,House / apartment,-867,0,1,0,Drivers,3,0,31.172602739726027
5023231,M,Y,Y,0,270000.0,Working,Secondary / secondary special,Separated,House / apartment,-1362,0,0,0,Laborers,1,0,47.605479452054794
5148981,F,Y,Y,0,94500.0,Working,Secondary / secondary special,Married,House / apartment,-10364,0,0,0,High skill tech staff,2,0,49.57534246575342
5044669,F,N,Y,0,76500.0,Pensioner,Secondary / secondary special,Married,House / apartment,365243,0,0,0,Unknown,2,0,62.06849315068493
5048319,F,N,N,0,90000.0,Working,Higher education,Separated,House / apartment,-1526,0,0,0,Core staff,1,0,59.964383561643835
5149647,F,N,Y,0,292500.0,Pensioner,Secondary / secondary special,Single / not married,House / apartment,365243,0,0,0,Unknown,1,0,61.85205479452055
5105715,F,N,Y,0,180000.0,Working,Secondary / secondary special,Married,House / apartment,-3010,0,0,0,Laborers,2,0,37.961643835616435
5089954,M,N,Y,1,126000.0,Commercial associate,Secondary / secondary special,Civil marriage,House / apartment,-2105,0,0,0,Unknown,3,0,34.945205479452056
5025791,F,N,Y,0,157500.0,Working,Secondary / secondary special,Married,House / apartment,-3630,0,0,0,Core staff,2,0,50.701369863013696
5067262,F,Y,Y,0,270000.0,Working,Secondary / secondary special,Married,House / apartment,-1724,0,1,0,Unknown,2,0,54.74520547945205
5146472,F,Y,Y,0,180000.0,Commercial associate,Higher education,Civil marriage,House / apartment,-3810,0,0,0,Sales staff,2,0,38.72054794520548
5028616,M,N,Y,1,135000.0,Working,Higher education,Married,House / apartment,-1999,1,1,0,High skill tech staff,3,0,25.76164383561644
5115884,F,N,Y,0,54000.0,Pensioner,Higher education,Married,House / apartment,365243,0,0,0,Unknown,2,0,67.14246575342466
5024636,F,N,Y,0,135000.0,Working,Secondary / secondary special,Married,House / apartment,-1128,0,0,0,Unknown,2,0,54.58082191780822
5091792,M,Y,Y,1,135000.0,Working,Secondary / secondary special,Married,House / apartment,-2969,1,0,0,Low-skill Laborers,3,0,41.68767123287671
5115633,M,N,N,0,202500.0,Working,Secondary / secondary special,Civil marriage,House / apartment,-102,0,0,0,Drivers,2,0,62.465753424657535
5095514,M,Y,Y,0,297000.0,Working,Secondary / secondary special,Married,House / apartment,-1161,0,1,0,Unknown,2,0,56.18904109589041
5024916,F,N,Y,0,112500.0,Pensioner,Secondary / secondary special,Married,House / apartment,365243,0,1,0,Unknown,2,1,59.81369863013698
5145920,M,Y,Y,1,180000.0,Commercial associate,Higher education,Married,House / apartment,-1466,0,0,1,Unknown,3,0,41.45479452054794
5022136,F,N,Y,0,126000.0,Pensioner,Secondary / secondary special,Married,House / apartment,365243,0,0,0,Unknown,2,0,56.66027397260274
5145690,F,N,Y,0,306000.0,Pensioner,Higher education,Married,House / apartment,365243,0,0,0,Unknown,2,1,59.15068493150685
5046126,F,N,Y,0,135000.0,Working,Secondary / secondary special,Married,House / apartment,-3092,1,1,0,Managers,2,0,55.61917808219178
5045895,F,N,Y,0,225000.0,Pensioner,Secondary / secondary special,Single / not married,House / apartment,365243,0,0,0,Unknown,1,1,63.797260273972604
5105565,M,N,Y,0,135000.0,Pensioner,Secondary / secondary special,Civil marriage,House / apartment,365243,0,1,0,Unknown,2,0,63.271232876712325
5010226,F,Y,Y,1,90000.0,State servant,Secondary / secondary special,Married,House / apartment,-8044,0,0,0,Medicine staff,3,0,48.032876712328765
5149319,F,Y,Y,1,180000.0,Working,Higher education,Separated,House / apartment,-5981,0,0,0,Managers,2,0,51.61095890410959
5021551,F,N,Y,0,202500.0,Commercial associate,Secondary / secondary special,Married,House / apartment,-1583,0,0,0,Medicine staff,2,0,57.178082191780824
5146410,M,N,Y,0,211500.0,Working,Secondary / secondary special,Single / not married,House / apartment,-1101,1,1,0,Core staff,1,0,27.594520547945205
5090793,F,N,Y,0,247500.0,Working,Higher education,Married,House / apartment,-3503,0,1,0,Core staff,2,0,38.41095890410959
5022015,M,Y,Y,0,112500.0,Working,Secondary / secondary special,Single / not married,House / apartment,-1613,0,0,0,Unknown,1,0,27.265753424657536
5010344,F,N,N,0,216000.0,Pensioner,Secondary / secondary special,Married,House / apartment,365243,0,0,0,Unknown,2,0,62.64931506849315
5091048,F,N,Y,2,270000.0,Commercial associate,Higher education,Married,House / apartment,-2197,0,0,1,Secretaries,4,0,42.295890410958904
5090082,M,N,N,0,180000.0,Commercial associate,Secondary / secondary special,Married,House / apartment,-1678,0,0,0,Unknown,2,0,41.23561643835617
5143465,F,N,Y,0,90000.0,Pensioner,Secondary / secondary special,Single / not married,House / apartment,365243,0,1,0,Unknown,1,0,63.73150684931507
5118270,F,N,N,0,99000.0,Working,Secondary / secondary special,Married,With parents,-5453,1,0,0,Medicine staff,2,0,53.605479452054794
5050729,M,Y,N,0,180000.0,Working,Secondary / secondary special,Single / not married,With parents,-531,0,0,0,Unknown,1,0,23.364383561643837
5026177,M,Y,Y,0,135000.0,Working,Secondary / secondary special,Married,House / apartment,-7804,1,0,0,Laborers,2,0,52.52328767123288
5036093,F,N,Y,0,135000.0,Working,Secondary / secondary special,Married,House / apartment,-3202,1,0,0,Security staff,2,0,59.43561643835616
5088987,F,N,N,2,171000.0,Working,Secondary / secondary special,Married,House / apartment,-1160,1,1,0,Core staff,4,0,40.06027397260274
5104953,M,Y,Y,0,180000.0,Working,Secondary / secondary special,Married,House / apartment,-2422,0,0,0,Drivers,2,0,59.40821917808219
5116373,F,N,N,1,90000.0,Working,Secondary / secondary special,Married,With parents,-976,0,0,0,Unknown,3,0,27.649315068493152
5089887,F,N,Y,0,157500.0,Working,Higher education,Married,House / apartment,-1556,0,0,0,Sales staff,2,0,29.21095890410959
5065348,F,Y,Y,0,202500.0,Working,Higher education,Married,House / apartment,-3974,0,0,0,High skill tech staff,2,1,41.534246575342465
5061396,M,N,Y,0,72900.0,Pensioner,Lower secondary,Married,House / apartment,365243,0,0,0,Unknown,2,1,64.17260273972603
5092147,M,Y,Y,0,135000.0,Working,Secondary / secondary special,Single / not married,House / apartment,-412,1,0,0,Unknown,1,0,28.454794520547946
5052755,M,N,Y,0,225000.0,Working,Secondary / secondary special,Civil marriage,House / apartment,-1175,0,0,0,Managers,2,0,28.958904109589042
5088161,F,N,Y,0,270000.0,Working,Secondary / secondary special,Single / not married,House / apartment,-923,0,0,0,Core staff,1,0,35.4027397260274
5113163,F,Y,Y,1,180000.0,Working,Secondary / secondary special,Married,House / apartment,-3716,1,1,0,Unknown,3,0,34.463013698630135
5068843,F,N,Y,0,135000.0,Working,Secondary / secondary special,Single / not married,House / apartment,-4219,1,1,0,Secretaries,1,0,62.33150684931507
5116343,M,Y,Y,1,225000.0,State servant,Secondary / secondary special,Married,House / apartment,-3929,1,0,0,Laborers,3,0,32.04109589041096
5053156,F,N,Y,0,157500.0,Pensioner,Secondary / secondary special,Widow,House / apartment,365243,0,0,0,Unknown,1,0,65.13424657534246
5150221,M,Y,Y,0,116100.0,Working,Secondary / secondary special,Married,House / apartment,-2441,0,0,0,Laborers,2,0,27.76986301369863
5065820,M,Y,Y,1,157500.0,Working,Secondary / secondary special,Married,House / apartment,-2276,0,0,0,Laborers,3,0,62.06849315068493
5009074,F,Y,Y,1,450000.0,State servant,Higher education,Married,House / apartment,-708,0,1,1,Core staff,3,0,48.56438356164384
5065335,M,N,Y,0,202500.0,Commercial associate,Lower secondary,Married,Rented apartment,-1935,0,1,0,Sales staff,2,0,26.756164383561643
5126021,F,N,N,1,112500.0,Working,Secondary / secondary special,Civil marriage,House / apartment,-2661,1,1,0,Core staff,3,0,40.515068493150686
5053182,M,Y,Y,0,207000.0,Pensioner,Higher education,Married,House / apartment,365243,0,0,0,Unknown,2,0,66.6082191780822
5149192,M,Y,N,1,450000.0,Working,Higher education,Married,House / apartment,-502,0,1,1,Core staff,3,1,26.97808219178082
5053872,M,Y,Y,1,157500.0,Working,Secondary / secondary special,Married,House / apartment,-2128,0,0,0,Unknown,3,0,31.854794520547944
5142482,M,Y,N,2,166500.0,Commercial associate,Higher education,Married,House / apartment,-1199,0,0,0,Core staff,4,0,33.73150684931507
5029544,F,Y,Y,1,133650.0,Commercial associate,Secondary / secondary special,Married,House / apartment,-1965,0,0,0,Unknown,3,0,39.989041095890414
5024352,M,Y,Y,0,585000.0,Commercial associate,Secondary / secondary special,Married,With parents,-1646,0,0,0,Drivers,2,0,45.62465753424657
5065342,F,N,Y,0,157500.0,Pensioner,Secondary / secondary special,Married,House / apartment,365243,0,1,0,Unknown,2,0,61.59178082191781
5045850,F,Y,Y,2,315000.0,Commercial associate,Higher education,Married,With parents,-1327,0,0,0,Managers,4,0,34.57808219178082
5058348,F,N,Y,0,135000.0,Pensioner,Higher education,Separated,House / apartment,365243,0,0,0,Unknown,1,1,67.42739726027398
5066709,F,N,Y,0,247500.0,Pensioner,Secondary / secondary special,Widow,House / apartment,365243,0,0,0,Unknown,1,0,67.15342465753425
5021267,F,Y,Y,1,270000.0,Working,Secondary / secondary special,Married,House / apartment,-4596,0,0,0,Laborers,3,0,39.75890410958904
5105412,F,N,Y,2,135000.0,Working,Secondary / secondary special,Married,House / apartment,-1518,0,0,0,Unknown,4,0,34.95890410958904
5135378,F,N,Y,0,387000.0,Commercial associate,Secondary / secondary special,Married,House / apartment,-4979,0,0,0,Sales staff,2,0,55.01917808219178
5125127,F,N,Y,0,112500.0,Working,Secondary / secondary special,Single / not married,House / apartment,-1868,1,1,0,Managers,1,0,44.104109589041094
5061145,F,Y,Y,0,90000.0,Pensioner,Secondary / secondary special,Married,House / apartment,365243,0,0,0,Unknown,2,0,58.778082191780825
5149402,F,N,N,1,135000.0,Commercial associate,Secondary / secondary special,Married,With parents,-1172,0,0,0,Sales staff,3,0,37.50410958904109
5142136,F,N,N,2,144000.0,Working,Secondary / secondary special,Married,House / apartment,-5004,0,0,0,Medicine staff,4,0,46.57808219178082
5137022,F,N,N,0,180000.0,State servant,Secondary / secondary special,Widow,House / apartment,-351,1,1,0,Laborers,1,0,49.81095890410959
5091016,F,N,Y,1,112500.0,Working,Secondary / secondary special,Married,House / apartment,-4267,0,0,0,Cooking staff,3,0,39.134246575342466
5118219,M,Y,N,0,270000.0,Working,Secondary / secondary special,Civil marriage,House / apartment,-645,1,1,0,Drivers,2,0,41.895890410958906
5045113,F,N,Y,0,202500.0,Pensioner,Secondary / secondary special,Widow,House / apartment,365243,0,0,0,Unknown,1,0,57.87945205479452
5135982,F,N,Y,0,423000.0,Commercial associate,Secondary / secondary special,Separated,House / apartment,-3153,0,0,0,Private service staff,1,0,36.93150684931507
5010238,M,Y,Y,0,225000.0,Working,Secondary / secondary special,Married,House / apartment,-4331,0,0,0,Drivers,2,0,45.224657534246575
5087852,F,Y,N,0,202500.0,State servant,Secondary / secondary special,Married,House / apartment,-11940,0,1,0,Medicine staff,2,0,53.69315068493151
5088181,F,N,N,0,180000.0,Working,Incomplete higher,Widow,House / apartment,-1897,1,1,0,Core staff,1,0,53.778082191780825
5048425,F,N,Y,0,171000.0,Working,Secondary / secondary special,Single / not married,House / apartment,-8405,0,1,0,Accountants,1,0,54.46849315068493
5023587,M,N,N,0,202500.0,Working,Secondary / secondary special,Separated,House / apartment,-6352,0,0,0,Laborers,1,0,39.35342465753425
5092239,F,N,N,0,117000.0,Working,Secondary / secondary special,Married,House / apartment,-2330,0,0,0,Unknown,2,0,56.86027397260274
5036958,M,Y,Y,1,135000.0,Working,Secondary / secondary special,Married,House / apartment,-1923,1,1,0,Laborers,3,0,33.00821917808219
5048276,F,Y,N,1,112500.0,Working,Higher education,Single / not married,House / apartment,-1618,0,0,0,Core staff,2,0,27.473972602739725
5150412,F,N,Y,0,67500.0,Pensioner,Secondary / secondary special,Widow,House / apartment,365243,0,0,0,Unknown,1,0,60.59178082191781
5116991,M,Y,Y,0,135000.0,Working,Secondary / secondary special,Married,House / apartment,-3505,0,1,0,Laborers,2,0,39.71232876712329
5125710,F,Y,Y,0,135000.0,Working,Lower secondary,Married,House / apartment,-622,0,1,0,High skill tech staff,2,0,44.967123287671235
5092021,F,N,Y,0,135000.0,Working,Secondary / secondary special,Married,House / apartment,-777,1,1,0,Core staff,2,0,36.1945205479452
5054525,F,N,N,2,180000.0,Working,Secondary / secondary special,Single / not married,House / apartment,-8369,0,0,0,Unknown,4,1,45.50958904109589
5095586,F,N,N,0,270000.0,Working,Incomplete higher,Civil marriage,House / apartment,-278,1,0,1,Medicine staff,2,0,24.065753424657533
5026178,M,Y,Y,0,135000.0,Working,Secondary / secondary special,Married,House / apartment,-7804,1,0,0,Laborers,2,0,52.52328767123288
5053535,F,N,Y,0,216000.0,Pensioner,Higher education,Single / not married,House / apartment,365243,0,0,0,Unknown,1,0,55.85753424657534
5036996,F,N,Y,0,90000.0,Pensioner,Secondary / secondary special,Separated,House / apartment,365243,0,1,0,Unknown,1,0,57.85479452054795
5028337,F,Y,N,1,225000.0,Working,Higher education,Single / not married,With parents,-5408,0,0,0,Laborers,2,0,37.97534246575343
5022189,F,N,N,1,135000.0,Commercial associate,Secondary / secondary special,Separated,House / apartment,-7979,0,0,0,High skill tech staff,2,0,41.56164383561644
5062294,F,Y,Y,0,225000.0,Working,Higher education,Married,House / apartment,-2450,0,0,1,Managers,2,0,48.75342465753425
5089934,M,Y,N,0,157500.0,Commercial associate,Secondary / secondary special,Married,House / apartment,-4965,0,0,0,Laborers,2,0,52.52054794520548
5089626,F,N,N,0,315000.0,Commercial associate,Higher education,Married,House / apartment,-309,1,1,1,Sales staff,2,0,44.35068493150685
5029152,F,N,Y,1,67500.0,State servant,Secondary / secondary special,Civil marriage,House / apartment,-191,0,0,0,Unknown,3,0,49.16986301369863
5022918,F,N,Y,0,225000.0,Working,Higher education,Single / not married,House / apartment,-2592,0,1,0,Managers,1,0,33.41095890410959
5036319,F,N,Y,0,112500.0,Commercial associate,Secondary / secondary special,Single / not married,House / apartment,-555,0,0,0,Security staff,1,0,49.295890410958904
5053642,M,N,N,0,360000.0,Commercial associate,Higher education,Married,House / apartment,-1823,0,1,0,Managers,2,0,55.76438356164383
5079166,M,Y,N,0,202500.0,Working,Secondary / secondary special,Married,With parents,-1394,0,0,0,Laborers,2,1,37.58904109589041
5010995,F,N,Y,0,90000.0,Working,Secondary / secondary special,Married,House / apartment,-221,0,0,0,Medicine staff,2,0,54.9972602739726
5146114,F,N,Y,0,157500.0,State servant,Higher education,Separated,House / apartment,-11389,0,1,0,Unknown,1,0,56.88493150684931
5010567,F,Y,Y,0,121500.0,Working,Higher education,Married,House / apartment,-1682,0,0,1,Sales staff,2,0,27.794520547945204
5069292,F,Y,Y,1,180000.0,Commercial associate,Secondary / secondary special,Married,House / apartment,-2605,1,1,0,Managers,3,0,42.35890410958904
5045742,M,Y,N,0,225000.0,Commercial associate,Higher education,Married,House / apartment,-1569,0,0,0,Unknown,2,0,36.35890410958904
5114227,M,Y,N,2,247500.0,Working,Secondary / secondary special,Married,House / apartment,-5673,1,0,0,Laborers,4,0,50.24109589041096
5096785,F,Y,Y,0,270000.0,Pensioner,Secondary / secondary special,Married,House / apartment,365243,0,0,0,Unknown,2,0,66.28493150684932
5146467,M,Y,N,0,360000.0,State servant,Higher education,Married,House / apartment,-1923,0,0,0,Unknown,2,0,27.350684931506848
5143519,F,N,Y,0,247500.0,Pensioner,Secondary / secondary special,Single / not married,House / apartment,365243,0,0,0,Unknown,1,0,63.78082191780822
5113134,F,N,Y,0,189000.0,Pensioner,Incomplete higher,Widow,House / apartment,365243,0,0,0,Unknown,1,0,59.84931506849315
5105550,F,N,Y,0,112500.0,Working,Higher education,Married,With parents,-825,0,0,0,Core staff,2,0,25.506849315068493
5054079,F,N,N,0,135000.0,Working,Secondary / secondary special,Married,House / apartment,-5507,0,1,0,Unknown,2,0,46.967123287671235
5105045,M,N,Y,0,225000.0,Pensioner,Secondary / secondary special,Widow,House / apartment,365243,0,0,0,Unknown,1,1,62.846575342465755
5058408,M,Y,Y,0,247500.0,Working,Higher education,Married,House / apartment,-2609,0,0,0,Managers,2,0,35.18630136986302
5092164,F,Y,Y,0,45900.0,Pensioner,Secondary / secondary special,Widow,House / apartment,365243,0,1,0,Unknown,1,0,55.56712328767123
5053388,F,N,Y,0,135000.0,Working,Secondary / secondary special,Civil marriage,House / apartment,-9698,0,0,1,Managers,2,0,44.657534246575345
5143342,M,N,N,1,216000.0,Working,Secondary / secondary special,Married,Municipal apartment,-2418,0,0,1,Laborers,3,1,35.46849315068493
5067003,M,Y,Y,0,202500.0,Working,Secondary / secondary special,Married,House / apartment,-11906,0,1,0,Laborers,2,0,51.37534246575343
5079167,M,Y,N,0,202500.0,Working,Secondary / secondary special,Married,With parents,-1394,0,0,0,Laborers,2,1,37.58904109589041
5100461,M,Y,Y,1,202500.0,Commercial associate,Secondary / secondary special,Civil marriage,House / apartment,-2499,0,0,0,High skill tech staff,3,0,34.01917808219178
5053941,F,N,N,0,135000.0,Pensioner,Secondary / secondary special,Widow,House / apartment,365243,0,1,0,Unknown,1,0,57.80821917808219
5009269,M,Y,N,0,337500.0,State servant,Higher education,Married,With parents,-1652,1,1,0,Managers,2,0,28.126027397260273
5125542,M,N,N,0,180000.0,Working,Higher education,Married,With parents,-2417,1,1,0,High skill tech staff,2,0,36.942465753424656
5023706,F,N,Y,0,180000.0,Working,Secondary / secondary special,Married,House / apartment,-5622,0,1,0,Laborers,2,0,48.583561643835615
5143427,F,N,Y,0,180000.0,Pensioner,Secondary / secondary special,Single / not married,House / apartment,365243,0,0,0,Unknown,1,0,64.1945205479452
5037254,M,N,N,0,166500.0,Working,Secondary / secondary special,Single / not married,House / apartment,-450,0,0,1,Laborers,1,0,23.016438356164382
5021968,F,N,N,1,103500.0,Working,Secondary / secondary special,Married,House / apartment,-1191,0,0,0,Sales staff,3,0,32.10958904109589
5022025,M,Y,Y,0,112500.0,Working,Secondary / secondary special,Single / not married,House / apartment,-1613,0,0,0,Unknown,1,0,27.265753424657536
5100000,F,N,N,1,180000.0,Commercial associate,Secondary / secondary special,Married,House / apartment,-3414,0,0,0,Sales staff,3,0,41.71506849315068
5125928,M,N,Y,1,135000.0,Working,Secondary / secondary special,Married,House / apartment,-652,0,0,0,Laborers,3,0,32.134246575342466
5085861,F,N,Y,0,135000.0,Working,Secondary / secondary special,Married,House / apartment,-5190,0,0,0,Cleaning staff,2,0,49.86027397260274
5113711,F,Y,Y,1,405000.0,State servant,Secondary / secondary special,Married,House / apartment,-407,0,1,1,Laborers,3,0,46.47123287671233
5118526,F,N,Y,0,180000.0,Commercial associate,Higher education,Married,House / apartment,-523,0,0,0,Unknown,2,0,60.794520547945204
5149484,F,Y,Y,1,135000.0,Commercial associate,Higher education,Married,House / apartment,-2481,0,0,0,Unknown,3,0,30.898630136986302
5091006,F,N,Y,0,157500.0,Commercial associate,Secondary / secondary special,Married,House / apartment,-3232,0,0,0,Laborers,2,0,47.153424657534245
5046328,F,N,Y,1,157500.0,Pensioner,Secondary / secondary special,Single / not married,House / apartment,-2269,0,1,0,Low-skill Laborers,3,1,42.37260273972603
5105818,F,N,Y,0,45000.0,Pensioner,Secondary / secondary special,Married,House / apartment,365243,0,1,0,Unknown,2,0,60.47123287671233
5149368,F,N,Y,0,180000.0,Pensioner,Secondary / secondary special,Civil marriage,House / apartment,365243,0,1,0,Unknown,2,0,58.54520547945206
5028274,F,Y,N,2,360000.0,Working,Incomplete higher,Married,House / apartment,-2213,0,0,0,Accountants,4,0,34.87671232876713
5143231,F,Y,Y,1,1575000.0,Commercial associate,Higher education,Single / not married,House / apartment,-2479,0,0,0,Managers,2,0,27.786301369863015
5050440,F,Y,Y,1,157500.0,Working,Incomplete higher,Civil marriage,House / apartment,-2753,0,0,0,Unknown,3,0,35.74246575342466
5009195,F,N,N,0,292500.0,State servant,Secondary / secondary special,Married,House / apartment,-8684,1,1,0,Accountants,2,0,57.40547945205479
5052659,F,N,Y,0,103500.0,Working,Secondary / secondary special,Married,House / apartment,-564,0,0,1,IT staff,2,1,28.482191780821918
5069066,M,N,Y,0,202500.0,Working,Secondary / secondary special,Single / not married,House / apartment,-3093,0,0,0,Laborers,1,0,26.693150684931506
5150047,F,N,Y,0,283500.0,Working,Secondary / secondary special,Married,House / apartment,-655,0,0,0,Sales staff,2,0,49.2
5010172,F,N,Y,0,135000.0,Commercial associate,Secondary / secondary special,Married,House / apartment,-464,0,0,0,Laborers,2,0,58.35616438356164
5126142,M,Y,N,2,202500.0,Working,Secondary / secondary special,Married,House / apartment,-3787,0,0,0,Laborers,4,0,43.57260273972603
5143457,M,Y,Y,0,247500.0,State servant,Secondary / secondary special,Civil marriage,House / apartment,-1749,0,0,0,High skill tech staff,2,0,32.635616438356166
5008865,F,Y,Y,2,135000.0,Working,Secondary / secondary special,Married,House / apartment,-3173,0,0,0,Laborers,4,0,43.18082191780822
5143046,M,Y,N,2,360000.0,Working,Secondary / secondary special,Married,House / apartment,-2540,1,0,0,Drivers,4,0,43.917808219178085
5018505,F,N,N,0,58500.0,Pensioner,Secondary / secondary special,Married,House / apartment,365243,0,0,0,Unknown,2,0,57.45205479452055
5033659,M,N,Y,0,225000.0,Commercial associate,Secondary / secondary special,Married,House / apartment,-3670,0,0,0,Laborers,2,0,52.33698630136986
5112737,M,Y,Y,0,315000.0,Working,Higher education,Married,House / apartment,-2796,0,0,0,Drivers,2,0,50.23287671232877
5113006,M,Y,N,1,112500.0,Working,Secondary / secondary special,Married,House / apartment,-2199,0,0,0,Laborers,3,0,53.654794520547945
5091718,F,Y,Y,0,90000.0,Commercial associate,Secondary / secondary special,Married,House / apartment,-2269,0,0,0,Medicine staff,2,0,38.673972602739724
5050975,F,N,N,1,112500.0,State servant,Secondary / secondary special,Single / not married,House / apartment,-7591,0,0,0,Core staff,2,0,43.73698630136986
5105436,M,N,Y,2,112500.0,Working,Secondary / secondary special,Civil marriage,House / apartment,-2317,0,0,0,Unknown,4,0,39.33698630136986
5044818,F,N,Y,0,135000.0,Working,Higher education,Single / not married,House / apartment,-1133,0,0,0,Managers,1,0,24.931506849315067
5112662,F,N,N,1,135000.0,Commercial associate,Secondary / secondary special,Married,House / apartment,-604,0,0,0,Managers,3,0,33.61369863013699
5115523,F,N,Y,3,112500.0,Working,Secondary / secondary special,Married,House / apartment,-3693,0,0,0,Core staff,5,0,35.67123287671233
5061500,F,N,Y,1,135000.0,Working,Incomplete higher,Married,House / apartment,-9359,0,0,0,Unknown,3,0,43.69315068493151
5091651,F,Y,Y,1,252000.0,Commercial associate,Secondary / secondary special,Separated,House / apartment,-747,0,0,0,Unknown,2,0,29.334246575342465
5114249,M,N,N,1,130500.0,Working,Incomplete higher,Married,Rented apartment,-1808,1,1,0,Unknown,3,1,31.043835616438358
5105067,M,N,Y,0,157500.0,Working,Incomplete higher,Married,House / apartment,-453,1,1,0,Unknown,2,0,37.484931506849314
5068465,F,N,Y,1,90000.0,Commercial associate,Secondary / secondary special,Married,House / apartment,-1966,0,1,0,Private service staff,3,0,27.876712328767123
5028645,F,N,Y,0,135000.0,Commercial associate,Higher education,Married,House / apartment,-2182,0,0,0,Managers,2,0,32.75890410958904
5090039,M,N,N,1,225000.0,Working,Higher education,Married,House / apartment,-6273,0,0,0,Core staff,3,0,37.66301369863014
5054348,F,N,N,0,103500.0,Working,Secondary / secondary special,Single / not married,House / apartment,-424,1,1,0,Sales staff,1,0,33.83013698630137
5132569,F,N,Y,1,112500.0,Commercial associate,Secondary / secondary special,Civil marriage,House / apartment,-1350,0,1,0,Sales staff,3,0,40.915068493150685
5036648,F,N,N,0,202500.0,Commercial associate,Higher education,Married,House / apartment,-3761,0,0,0,High skill tech staff,2,0,31.035616438356165
5145965,F,N,N,2,130500.0,Working,Secondary / secondary special,Married,House / apartment,-3476,0,0,0,Sales staff,4,0,42.29041095890411
5046336,F,N,N,1,85500.0,Working,Secondary / secondary special,Civil marriage,House / apartment,-900,1,0,0,Accountants,3,0,27.991780821917807
5143353,M,Y,N,0,135000.0,Working,Secondary / secondary special,Married,House / apartment,-1384,1,0,0,Sales staff,2,0,28.980821917808218
5085865,F,N,Y,0,135000.0,Working,Secondary / secondary special,Married,House / apartment,-5190,0,0,0,Cleaning staff,2,0,49.86027397260274
5042232,F,N,Y,0,112500.0,Commercial associate,Secondary / secondary special,Single / not married,House / apartment,-6273,1,0,0,Sales staff,1,0,35.202739726027396
5135474,F,N,Y,0,180000.0,Working,Secondary / secondary special,Married,House / apartment,-7718,0,0,0,Secretaries,2,0,54.46849315068493
5054460,M,Y,N,1,135000.0,Working,Secondary / secondary special,Married,House / apartment,-1915,0,1,0,Laborers,3,0,51.87397260273973
5091405,F,N,Y,0,135000.0,Working,Secondary / secondary special,Single / not married,House / apartment,-1904,1,0,0,Laborers,1,0,48.16164383561644
5025951,F,N,Y,0,130500.0,Working,Secondary / secondary special,Married,House / apartment,-5488,0,0,0,Core staff,2,0,37.04109589041096
5067832,F,Y,Y,0,315000.0,Working,Higher education,Married,House / apartment,-577,0,0,1,Unknown,2,0,58.56712328767123
5116258,F,N,Y,4,180000.0,Commercial associate,Secondary / secondary special,Married,House / apartment,-7413,0,0,0,Core staff,6,1,47.85753424657534
5142860,F,N,N,0,135000.0,Working,Secondary / secondary special,Married,House / apartment,-1869,0,1,0,Unknown,2,0,38.57534246575342
5033514,F,Y,N,1,135000.0,Working,Secondary / secondary special,Married,House / apartment,-384,1,0,0,Sales staff,3,1,43.704109589041096
5022612,M,Y,Y,1,202500.0,Working,Secondary / secondary special,Married,House / apartment,-825,0,0,0,Laborers,3,0,27.791780821917808
5068156,M,Y,Y,0,180000.0,Working,Secondary / secondary special,Married,House / apartment,-3246,0,0,0,Unknown,2,0,53.602739726027394
5065673,F,N,N,0,135000.0,Working,Secondary / secondary special,Single / not married,House / apartment,-4711,0,0,0,Unknown,1,0,31.53972602739726
5105556,F,N,Y,0,157500.0,Working,Secondary / secondary special,Married,House / apartment,-4532,0,0,0,Laborers,2,0,54.25205479452055
5113374,F,N,Y,1,180000.0,Pensioner,Higher education,Married,House / apartment,365243,0,1,0,Unknown,3,0,51.9972602739726
5054626,F,N,Y,0,112500.0,Pensioner,Secondary / secondary special,Widow,House / apartment,365243,0,0,0,Unknown,1,0,60.367123287671234
5125771,F,N,Y,0,112500.0,Working,Secondary / secondary special,Married,House / apartment,-469,0,0,0,Unknown,2,0,64.0
5096340,F,Y,N,0,153000.0,Pensioner,Secondary / secondary special,Widow,House / apartment,365243,0,1,0,Unknown,1,0,64.87397260273973
5067259,M,Y,Y,0,360000.0,Pensioner,Secondary / secondary special,Married,House / apartment,365243,0,0,1,Unknown,2,0,57.14794520547945
5033628,F,N,Y,0,166500.0,State servant,Higher education,Married,House / apartment,-13382,0,0,0,Unknown,2,0,64.65479452054795
5021373,F,N,Y,0,247500.0,Working,Higher education,Married,House / apartment,-578,0,0,1,Managers,2,0,60.54794520547945
5058530,M,N,N,0,391500.0,Working,Secondary / secondary special,Single / not married,Municipal apartment,-508,0,0,0,Sales staff,1,1,25.32054794520548
5050603,M,N,N,0,157500.0,Working,Secondary / secondary special,Married,House / apartment,-7288,1,0,0,Laborers,2,1,50.21095890410959
5066915,M,Y,Y,0,180000.0,Working,Higher education,Married,With parents,-1467,0,0,0,Laborers,2,0,30.38082191780822
5113647,F,N,Y,0,225000.0,Working,Incomplete higher,Married,House / apartment,-223,0,0,1,Managers,2,0,33.59452054794521
5125763,M,Y,N,1,135000.0,Commercial associate,Secondary / secondary special,Single / not married,House / apartment,-1626,0,1,0,Laborers,3,1,35.6986301369863
5139757,M,Y,Y,0,337500.0,Working,Higher education,Married,House / apartment,-7494,0,0,0,Laborers,2,0,64.96164383561644
5135446,F,N,Y,1,225000.0,Working,Secondary / secondary special,Married,With parents,-170,0,0,0,Cleaning staff,3,0,27.493150684931507
5045203,F,Y,Y,0,139500.0,Pensioner,Secondary / secondary special,Married,House / apartment,365243,0,0,0,Unknown,2,0,57.558904109589044
5065477,M,N,N,1,148500.0,Working,Secondary / secondary special,Married,House / apartment,-109,0,0,0,Laborers,3,0,37.18904109589041
5116305,F,N,Y,0,135000.0,Pensioner,Secondary / secondary special,Married,House / apartment,365243,0,0,0,Unknown,2,1,62.06849315068493
5090790,F,Y,Y,0,238500.0,Working,Higher education,Married,House / apartment,-7095,0,0,0,Medicine staff,2,0,41.652054794520545
5029028,F,N,Y,0,90000.0,Working,Lower secondary,Single / not married,Rented apartment,-4770,0,0,0,Cleaning staff,2,1,32.94794520547945
5117413,F,N,N,0,81000.0,Pensioner,Secondary / secondary special,Separated,House / apartment,365243,0,1,0,Unknown,1,1,61.038356164383565
5115984,M,Y,Y,2,180000.0,Working,Higher education,Married,House / apartment,-2477,0,0,0,Managers,4,0,36.09315068493151
5099948,F,Y,N,0,185400.0,Commercial associate,Secondary / secondary special,Married,House / apartment,-3229,0,0,0,Laborers,2,0,40.4027397260274
5050606,M,N,N,0,157500.0,Working,Secondary / secondary special,Married,House / apartment,-7288,1,0,0,Laborers,2,1,50.21095890410959
5148872,F,N,Y,0,135000.0,State servant,Incomplete higher,Married,House / apartment,-3332,0,0,0,Core staff,2,0,42.11232876712329
5046379,F,N,N,0,180000.0,Working,Incomplete higher,Married,House / apartment,-1904,0,0,0,Laborers,2,0,53.583561643835615
5135574,F,Y,Y,0,180000.0,Working,Secondary / secondary special,Married,House / apartment,-992,0,0,0,Medicine staff,2,0,32.18904109589041
5053152,F,N,Y,0,157500.0,Pensioner,Secondary / secondary special,Widow,House / apartment,365243,0,0,0,Unknown,1,0,65.13424657534246
5067638,F,N,Y,0,157500.0,Pensioner,Secondary / secondary special,Single / not married,House / apartment,365243,0,1,0,Unknown,1,0,62.8
5066765,F,N,Y,1,63000.0,Commercial associate,Secondary / secondary special,Married,House / apartment,-2987,0,0,0,Sales staff,3,0,39.863013698630134
5105614,F,Y,Y,2,135000.0,Working,Higher education,Married,House / apartment,-460,0,0,0,Accountants,4,0,33.79178082191781
5113159,M,Y,Y,0,157500.0,Commercial associate,Secondary / secondary special,Single / not married,Municipal apartment,-2135,1,0,0,Laborers,1,0,27.019178082191782
5117497,M,N,Y,0,90000.0,Commercial associate,Secondary / secondary special,Civil marriage,House / apartment,-704,1,0,0,Low-skill Laborers,2,0,45.09315068493151
5029256,M,Y,Y,2,225000.0,Working,Higher education,Married,House / apartment,-992,0,0,0,Drivers,4,0,36.865753424657534
5142184,M,Y,Y,2,450000.0,Commercial associate,Higher education,Married,House / apartment,-4305,1,1,0,Managers,4,1,48.87945205479452
5143596,F,N,N,0,90000.0,Working,Secondary / secondary special,Civil marriage,House / apartment,-3333,1,0,0,Waiters/barmen staff,2,0,31.887671232876713
5113556,M,Y,Y,0,450000.0,Commercial associate,Secondary / secondary special,Married,House / apartment,-923,0,1,1,Drivers,2,0,50.18630136986302
5061636,F,N,Y,0,225000.0,Pensioner,Secondary / secondary special,Married,Municipal apartment,365243,0,1,0,Unknown,2,1,59.35342465753425
5116714,F,N,N,0,135000.0,Commercial associate,Secondary / secondary special,Separated,Municipal apartment,-670,0,0,0,Unknown,1,0,52.394520547945206
5010218,F,Y,Y,1,90000.0,State servant,Secondary / secondary special,Married,House / apartment,-8044,0,0,0,Medicine staff,3,0,48.032876712328765
5143620,F,N,Y,0,135000.0,Pensioner,Secondary / secondary special,Married,House / apartment,365243,0,1,0,Unknown,2,0,63.583561643835615
5100106,M,Y,N,0,81000.0,Working,Secondary / secondary special,Married,House / apartment,-3261,1,1,0,Laborers,2,0,48.38356164383562
5068671,M,N,Y,0,247500.0,Working,Incomplete higher,Married,House / apartment,-413,0,0,0,Core staff,2,0,25.09315068493151
5041869,M,Y,N,0,99000.0,State servant,Secondary / secondary special,Married,House / apartment,-521,1,1,0,Core staff,2,0,53.24109589041096
5022118,M,N,Y,0,315000.0,Working,Secondary / secondary special,Married,House / apartment,-1131,0,0,0,Laborers,2,0,53.93424657534246
5085990,F,Y,Y,0,225000.0,Pensioner,Secondary / secondary special,Married,House / apartment,365243,0,0,0,Unknown,2,0,59.4986301369863
5117561,F,N,N,0,135000.0,Working,Secondary / secondary special,Married,House / apartment,-645,1,0,0,Laborers,2,0,62.06849315068493
5053592,F,N,Y,1,117000.0,Working,Lower secondary,Widow,House / apartment,-3072,0,1,0,Unknown,2,0,48.30958904109589
5067019,F,Y,Y,1,247500.0,Working,Secondary / secondary special,Civil marriage,House / apartment,-1253,0,0,1,Laborers,3,0,46.99178082191781
5105466,F,N,Y,0,112500.0,Pensioner,Secondary / secondary special,Married,House / apartment,365243,0,0,0,Unknown,2,0,57.73698630136986
5126124,F,Y,N,0,72000.0,Working,Secondary / secondary special,Married,House / apartment,-227,1,1,0,Medicine staff,2,0,41.602739726027394
5091630,F,N,Y,0,202500.0,Working,Secondary / secondary special,Married,House / apartment,-6226,0,0,0,High skill tech staff,2,0,53.23561643835617
5029352,M,Y,Y,0,270000.0,Working,Higher education,Married,House / apartment,-412,0,0,0,Drivers,2,0,29.97808219178082
5142459,F,N,Y,0,67500.0,Commercial associate,Higher education,Separated,House / apartment,-499,0,1,0,Core staff,1,1,51.92328767123288
5139823,M,N,Y,0,108000.0,Working,Secondary / secondary special,Married,House / apartment,-7341,1,1,0,Laborers,2,0,43.827397260273976
5024049,F,Y,Y,1,144000.0,Working,Higher education,Married,House / apartment,-2924,0,0,0,Accountants,3,0,35.35068493150685
5050655,F,N,N,0,112500.0,Working,Secondary / secondary special,Married,House / apartment,-1048,1,1,0,Accountants,2,0,40.18356164383562
5010869,M,Y,Y,1,450000.0,Commercial associate,Secondary / secondary special,Single / not married,House / apartment,-678,0,1,1,Core staff,1,1,49.78904109589041
5114630,F,N,Y,0,81000.0,Working,Secondary / secondary special,Married,House / apartment,-286,1,0,0,Sales staff,2,0,54.07671232876712
5067419,F,N,Y,0,144000.0,Pensioner,Secondary / secondary special,Married,House / apartment,365243,0,0,0,Unknown,2,0,63.92876712328767
5061076,M,Y,N,0,157500.0,State servant,Secondary / secondary special,Married,House / apartment,-3242,1,0,0,Unknown,2,0,40.893150684931506
5088503,M,Y,Y,0,72000.0,Working,Higher education,Married,House / apartment,-619,0,0,0,Security staff,2,0,59.99178082191781
5052739,F,N,Y,2,180000.0,Commercial associate,Secondary / secondary special,Married,House / apartment,-505,0,0,1,High skill tech staff,4,0,28.64109589041096
5139321,F,N,Y,0,121500.0,Pensioner,Higher education,Widow,House / apartment,365243,0,0,0,Unknown,1,0,66.38630136986302
5125716,F,Y,Y,0,135000.0,Working,Lower secondary,Married,House / apartment,-622,0,1,0,High skill tech staff,2,1,44.967123287671235
5046283,F,N,Y,0,67050.0,Pensioner,Higher education,Married,House / apartment,365243,0,0,0,Unknown,2,0,66.58904109589041
5061773,F,N,Y,0,157500.0,Pensioner,Secondary / secondary special,Separated,House / apartment,365243,0,0,0,Unknown,1,0,57.66849315068493
5053744,F,N,Y,0,360000.0,State servant,Higher education,Married,House / apartment,-3163,0,1,0,Managers,2,0,44.33424657534247
5096729,M,Y,N,0,135000.0,Commercial associate,Secondary / secondary special,Married,House / apartment,-2349,1,0,0,Laborers,2,0,29.89041095890411
5090861,F,Y,Y,0,202500.0,Commercial associate,Secondary / secondary special,Married,House / apartment,-2168,0,0,0,Sales staff,2,0,54.15068493150685
5024103,M,N,Y,0,135000.0,Working,Secondary / secondary special,Married,House / apartment,-2589,0,0,0,Security staff,2,0,55.3013698630137
5097169,F,N,N,0,90000.0,Commercial associate,Secondary / secondary special,Single / not married,House / apartment,-885,0,0,0,Sales staff,1,0,29.4
5118472,M,N,N,0,180000.0,Working,Secondary / secondary special,Married,House / apartment,-1649,0,1,0,Drivers,2,0,27.336986301369862
5089275,F,Y,N,0,315000.0,Working,Higher education,Married,House / apartment,-3504,0,1,1,Accountants,2,0,37.23835616438356
5067506,M,N,Y,0,180000.0,Working,Lower secondary,Civil marriage,House / apartment,-2191,0,0,0,Managers,2,0,35.68219178082192
5067643,F,N,Y,0,171000.0,Pensioner,Higher education,Married,House / apartment,365243,0,0,0,Unknown,2,0,54.68767123287671
5061691,F,N,Y,1,67500.0,Commercial associate,Higher education,Married,House / apartment,-1567,0,0,1,Waiters/barmen staff,3,1,24.991780821917807
5095356,F,N,N,0,157500.0,Working,Secondary / secondary special,Single / not married,With parents,-1039,0,0,0,Sales staff,1,0,24.71232876712329
5135636,M,Y,Y,0,195750.0,Working,Secondary / secondary special,Married,House / apartment,-931,1,1,0,Laborers,2,1,51.605479452054794
5148897,M,N,Y,0,90900.0,Pensioner,Secondary / secondary special,Married,House / apartment,365243,0,1,0,Unknown,2,0,60.912328767123284
5051061,F,N,N,2,112500.0,Commercial associate,Secondary / secondary special,Married,House / apartment,-1323,0,1,0,Unknown,4,0,32.726027397260275
5115611,F,N,Y,0,202500.0,Working,Secondary / secondary special,Single / not married,House / apartment,-3420,0,0,0,Core staff,2,1,39.78904109589041
5132264,F,N,N,0,144000.0,Working,Secondary / secondary special,Married,House / apartment,-2052,0,1,0,Laborers,2,0,62.06849315068493
5023563,F,N,Y,0,202500.0,Working,Secondary / secondary special,Widow,House / apartment,-9975,0,0,0,Core staff,1,0,48.71780821917808
5091280,M,N,Y,1,103500.0,Working,Secondary / secondary special,Married,House / apartment,-657,1,0,0,Laborers,3,0,32.38904109589041
5114348,M,Y,N,0,180000.0,Commercial associate,Secondary / secondary special,Married,Municipal apartment,-2993,1,0,0,Unknown,2,0,26.876712328767123
5118477,F,N,Y,0,180000.0,Working,Secondary / secondary special,Married,House / apartment,-888,0,0,0,Laborers,2,0,47.632876712328766
5105159,M,N,Y,2,450000.0,Commercial associate,Higher education,Married,House / apartment,-2187,1,1,0,Managers,4,0,33.52876712328767
5139859,M,Y,Y,0,189000.0,Pensioner,Secondary / secondary special,Separated,House / apartment,365243,0,0,0,Unknown,1,0,54.824657534246576
5116676,M,Y,Y,3,270000.0,Working,Secondary / secondary special,Married,House / apartment,-458,1,0,0,Laborers,5,0,36.78630136986301
5096621,F,N,N,1,135000.0,Working,Secondary / secondary special,Married,House / apartment,-1589,0,1,0,Laborers,3,0,39.61917808219178
5029082,F,N,Y,0,135000.0,Pensioner,Secondary / secondary special,Widow,House / apartment,365243,0,1,0,Unknown,1,0,60.320547945205476
5089137,F,Y,N,0,202500.0,Commercial associate,Secondary / secondary special,Civil marriage,With parents,-5330,0,1,0,Unknown,2,0,38.98082191780822
5054496,F,Y,Y,0,225000.0,Commercial associate,Higher education,Separated,House / apartment,-1185,0,0,0,Waiters/barmen staff,1,0,33.156164383561645
5088433,F,N,Y,0,225000.0,Working,Secondary / secondary special,Single / not married,House / apartment,-1807,0,0,0,Core staff,1,0,48.87671232876713
5065518,F,Y,N,1,202500.0,Working,Higher education,Married,Rented apartment,-2878,0,0,0,Laborers,3,1,26.054794520547944
5095952,F,N,N,2,193500.0,Working,Higher education,Married,With parents,-7614,1,1,0,Unknown,4,0,41.12602739726027
5086062,F,N,Y,0,135000.0,State servant,Secondary / secondary special,Married,House / apartment,-9422,0,1,0,Core staff,2,0,56.27945205479452
5135485,F,N,Y,0,135000.0,State servant,Higher education,Single / not married,Municipal apartment,-1935,0,0,0,Core staff,1,1,29.205479452054796
5037125,M,Y,N,0,180000.0,Working,Higher education,Married,With parents,-2227,0,1,0,Core staff,2,0,31.956164383561642
5042064,F,Y,N,2,270000.0,State servant,Higher education,Married,House / apartment,-7369,1,1,0,Unknown,4,1,43.98082191780822
5116640,F,N,Y,1,202500.0,Working,Secondary / secondary special,Married,House / apartment,-732,0,0,1,Unknown,3,0,43.298630136986304
5125816,F,Y,N,0,450000.0,Pensioner,Higher education,Married,House / apartment,-5521,1,1,0,Managers,2,0,54.2
5054699,M,Y,Y,0,157500.0,Working,Higher education,Married,House / apartment,-6908,0,0,0,Laborers,2,0,62.06849315068493
5096095,F,N,N,1,135000.0,Working,Secondary / secondary special,Married,House / apartment,-1619,1,1,0,Accountants,3,0,29.39178082191781
5024917,F,N,Y,0,135000.0,Pensioner,Secondary / secondary special,Married,House / apartment,365243,0,1,0,Unknown,2,1,59.81369863013698
5037202,F,Y,Y,1,112500.0,Working,Higher education,Married,House / apartment,-420,0,0,0,Managers,3,0,24.745205479452054
5069051,M,Y,N,0,225000.0,Commercial associate,Secondary / secondary special,Married,House / apartment,-2484,0,0,0,Laborers,2,0,48.66301369863014
5068548,M,Y,Y,0,117000.0,Commercial associate,Secondary / secondary special,Married,House / apartment,-1023,0,0,0,Laborers,2,0,53.016438356164386
5067961,M,Y,Y,0,360000.0,Working,Higher education,Married,House / apartment,-3854,0,0,0,Managers,2,0,60.57808219178082
5037212,M,Y,Y,0,292500.0,State servant,Higher education,Married,House / apartment,-2368,0,0,0,High skill tech staff,2,0,34.73424657534247
5061139,F,Y,Y,0,90000.0,Pensioner,Secondary / secondary special,Married,House / apartment,365243,0,0,0,Unknown,2,0,58.778082191780825
5058371,F,N,Y,0,117000.0,Working,Secondary / secondary special,Married,House / apartment,-355,1,1,0,Unknown,2,0,47.85753424657534
5095033,M,Y,Y,0,202500.0,Commercial associate,Higher education,Married,House / apartment,-1463,0,0,0,Drivers,2,0,42.20821917808219
5037266,M,Y,N,0,225000.0,Working,Secondary / secondary special,Single / not married,House / apartment,-1322,0,0,0,Drivers,1,0,32.58082191780822
5041921,M,N,N,0,135000.0,Pensioner,Secondary / secondary special,Married,House / apartment,365243,0,1,0,Unknown,2,0,62.06849315068493
5145968,F,N,Y,0,112500.0,Pensioner,Secondary / secondary special,Widow,House / apartment,365243,0,0,0,Unknown,1,0,63.06301369863014
5136012,F,N,N,3,180000.0,Working,Higher education,Married,House / apartment,-7018,0,0,0,Core staff,5,0,37.47397260273973
5113621,M,N,N,0,225000.0,Working,Secondary / secondary special,Widow,Municipal apartment,-346,0,0,0,Security staff,1,1,53.16712328767123
5148527,F,N,Y,0,180000.0,Pensioner,Secondary / secondary special,Married,House / apartment,365243,0,0,0,Unknown,2,0,64.01369863013699
5050619,M,Y,N,0,112500.0,Working,Secondary / secondary special,Civil marriage,House / apartment,-1962,0,1,0,Unknown,2,0,27.40821917808219
5024527,F,N,Y,0,270000.0,Pensioner,Secondary / secondary special,Widow,House / apartment,365243,0,1,0,Unknown,1,0,57.443835616438356
5146318,F,N,Y,0,135000.0,Working,Secondary / secondary special,Separated,House / apartment,-1315,0,0,0,Unknown,1,0,40.43835616438356
5100430,M,Y,N,0,180000.0,Working,Secondary / secondary special,Single / not married,House / apartment,-613,0,0,0,Laborers,1,1,44.68493150684932
5061340,F,N,Y,0,94500.0,Pensioner,Secondary / secondary special,Widow,House / apartment,365243,0,0,0,Unknown,1,0,66.58082191780822
5023209,F,N,N,1,135000.0,Commercial associate,Secondary / secondary special,Married,House / apartment,-235,0,0,0,Sales staff,3,0,39.556164383561644
5117022,M,Y,Y,2,225000.0,Working,Secondary / secondary special,Married,House / apartment,-279,1,0,0,Laborers,4,0,34.14246575342466
5022756,F,N,N,1,202500.0,Commercial associate,Secondary / secondary special,Separated,House / apartment,-3166,0,0,0,Sales staff,2,0,29.589041095890412
5113302,M,N,Y,1,180000.0,Working,Higher education,Married,With parents,-1654,0,0,0,Cooking staff,3,0,42.93150684931507
5065763,F,N,Y,0,90000.0,Working,Secondary / secondary special,Single / not married,House / apartment,-693,0,0,0,Unknown,1,0,40.4
5117254,F,Y,Y,0,207000.0,State servant,Higher education,Married,House / apartment,-3506,0,0,0,Medicine staff,2,0,61.364383561643834
5038615,F,N,N,1,112500.0,Commercial associate,Higher education,Married,With parents,-3272,0,0,0,Core staff,3,0,33.78356164383562
5104945,F,N,Y,3,67500.0,Commercial associate,Secondary / secondary special,Married,House / apartment,-412,1,1,0,Sales staff,5,0,45.73698630136986
5036660,F,Y,Y,0,76500.0,Pensioner,Secondary / secondary special,Married,House / apartment,365243,0,0,0,Unknown,2,1,65.3013698630137
5033906,M,Y,Y,0,90000.0,Pensioner,Secondary / secondary special,Married,House / apartment,365243,0,0,0,Unknown,2,0,50.276712328767125
5048301,M,Y,N,1,180000.0,Commercial associate,Secondary / secondary special,Married,House / apartment,-1161,0,0,0,Laborers,3,1,30.386301369863013
5091929,F,Y,N,0,135000.0,Working,Secondary / secondary special,Married,House / apartment,-657,0,0,0,Unknown,2,0,49.85479452054795
5068523,F,N,Y,0,135000.0,Working,Secondary / secondary special,Single / not married,House / apartment,-385,0,0,1,Laborers,1,0,33.863013698630134
5135851,F,N,Y,1,180000.0,Commercial associate,Secondary / secondary special,Married,House / apartment,-6075,0,1,0,Laborers,3,0,44.47671232876712
5078945,F,N,Y,2,180000.0,Working,Incomplete higher,Separated,House / apartment,-3496,1,0,0,Unknown,3,1,33.56986301369863
5053637,F,N,N,0,225000.0,Pensioner,Higher education,Separated,House / apartment,365243,0,0,0,Unknown,1,0,60.12054794520548
5118108,M,Y,N,0,90000.0,Working,Secondary / secondary special,Single / not married,House / apartment,-1101,1,0,0,Laborers,1,0,22.75068493150685
5142118,M,N,N,1,225000.0,Working,Higher education,Married,House / apartment,-2493,0,0,0,Managers,3,0,49.56986301369863
5058352,F,N,Y,0,99000.0,Pensioner,Higher education,Separated,House / apartment,365243,0,0,0,Unknown,1,1,67.42739726027398
5145817,F,N,Y,0,90000.0,Pensioner,Secondary / secondary special,Married,House / apartment,365243,0,0,0,Unknown,2,1,60.3041095890411
5079017,M,Y,Y,2,900000.0,Commercial associate,Higher education,Married,House / apartment,-1000,0,0,0,Managers,4,0,27.09315068493151
5042296,M,Y,Y,1,202500.0,Working,Secondary / secondary special,Married,House / apartment,-2102,1,1,0,Drivers,3,0,41.66301369863014
5061753,F,N,Y,0,135000.0,Pensioner,Secondary / secondary special,Married,House / apartment,365243,0,1,0,Unknown,2,0,63.10958904109589
5052620,M,Y,Y,1,180000.0,Commercial associate,Secondary / secondary special,Married,House / apartment,-1994,0,1,0,High skill tech staff,3,0,43.8027397260274
5125299,F,N,Y,0,148500.0,Pensioner,Secondary / secondary special,Married,House / apartment,365243,0,0,0,Unknown,2,1,57.11232876712329
5062214,F,N,Y,2,153000.0,Commercial associate,Higher education,Married,House / apartment,-1324,0,0,0,Accountants,4,0,36.391780821917806
5023914,F,N,Y,2,184500.0,Working,Secondary / secondary special,Married,House / apartment,-1707,1,1,0,Sales staff,4,0,27.156164383561645
5033496,M,Y,N,1,202500.0,Commercial associate,Higher education,Married,With parents,-444,0,0,0,Managers,3,0,27.276712328767122
5022053,M,N,N,0,202500.0,Working,Higher education,Single / not married,House / apartment,-4327,0,0,0,Unknown,1,1,35.0986301369863
5091921,F,N,Y,2,72000.0,Working,Secondary / secondary special,Married,House / apartment,-5496,1,1,0,Medicine staff,4,0,42.104109589041094
5021737,F,N,Y,0,189000.0,Pensioner,Secondary / secondary special,Widow,House / apartment,365243,0,0,0,Unknown,1,0,57.14520547945205
5114342,M,Y,N,0,180000.0,Commercial associate,Secondary / secondary special,Married,Municipal apartment,-2993,1,0,0,Unknown,2,0,26.876712328767123
5068511,F,N,Y,0,135000.0,Commercial associate,Secondary / secondary special,Married,House / apartment,-2758,1,1,0,Core staff,2,0,43.49315068493151
5089959,M,N,Y,1,126000.0,Commercial associate,Secondary / secondary special,Civil marriage,House / apartment,-2105,0,0,0,Unknown,3,1,34.945205479452056
5095905,F,N,N,0,135000.0,State servant,Secondary / secondary special,Single / not married,House / apartment,-1589,0,0,0,Core staff,1,0,42.271232876712325
5023724,M,Y,N,1,495000.0,Working,Secondary / secondary special,Married,House / apartment,-235,0,1,0,Laborers,3,0,28.112328767123287
5090871,F,N,N,2,225000.0,Working,Secondary / secondary special,Married,House / apartment,-1130,0,0,0,Medicine staff,4,0,38.827397260273976
5045537,M,Y,N,2,225000.0,State servant,Higher education,Married,With parents,-1539,0,0,0,High skill tech staff,4,0,29.964383561643835
5056077,M,Y,Y,0,90000.0,Working,Secondary / secondary special,Married,House / apartment,-1547,0,0,0,Core staff,2,0,33.298630136986304
5045439,M,Y,Y,0,180000.0,Pensioner,Higher education,Married,House / apartment,365243,0,0,0,Unknown,2,0,64.5095890410959
5142496,F,Y,Y,1,135000.0,Commercial associate,Higher education,Married,House / apartment,-2874,0,0,0,Private service staff,3,0,42.413698630136984
5089225,M,N,N,0,112500.0,Pensioner,Secondary / secondary special,Married,House / apartment,365243,0,1,0,Unknown,2,0,63.087671232876716
5114138,F,N,N,2,180000.0,State servant,Secondary / secondary special,Married,Office apartment,-2904,1,0,0,Laborers,4,0,30.61917808219178
5041681,F,N,N,0,94500.0,Pensioner,Secondary / secondary special,Married,House / apartment,365243,0,1,0,Unknown,2,0,62.06849315068493
5046003,F,N,Y,1,225000.0,Working,Secondary / secondary special,Single / not married,House / apartment,-3334,0,1,0,Private service staff,2,0,41.202739726027396
5090166,F,N,Y,1,675000.0,Commercial associate,Secondary / secondary special,Single / not married,House / apartment,-860,0,0,0,Security staff,2,1,42.33424657534247
5045623,F,N,Y,1,270000.0,State servant,Secondary / secondary special,Married,House / apartment,-2512,0,0,0,Medicine staff,3,0,39.45205479452055
5010596,F,N,Y,0,112500.0,Pensioner,Secondary / secondary special,Married,House / apartment,365243,0,0,0,Unknown,2,0,62.81369863013698
5048305,F,N,N,0,135000.0,Working,Higher education,Separated,House / apartment,-1526,0,0,0,Core staff,1,0,59.964383561643835
5137187,F,Y,N,0,67500.0,Working,Secondary / secondary special,Married,House / apartment,-1934,1,0,0,Unknown,2,0,31.246575342465754
5042097,F,N,N,1,108000.0,Working,Secondary / secondary special,Separated,House / apartment,-4082,0,1,0,Unknown,2,0,39.31232876712329
5093248,F,N,Y,0,247500.0,Commercial associate,Higher education,Married,House / apartment,-2980,0,0,0,Sales staff,2,0,32.64109589041096
5118538,F,N,Y,1,81000.0,Working,Secondary / secondary special,Married,Municipal apartment,-6367,1,1,0,Cleaning staff,3,0,43.14794520547945
5021879,M,Y,N,2,112500.0,Working,Secondary / secondary special,Married,House / apartment,-217,0,1,0,Laborers,4,0,35.87671232876713
5052678,F,N,Y,1,135000.0,Working,Higher education,Married,House / apartment,-8172,1,1,0,High skill tech staff,3,0,42.8054794520548
5097105,F,N,Y,0,193500.0,Working,Secondary / secondary special,Married,House / apartment,-11448,0,1,0,Unknown,2,0,57.605479452054794
5041675,F,Y,Y,1,333000.0,Commercial associate,Higher education,Married,House / apartment,-1616,0,0,0,Managers,3,0,31.575342465753426
5061762,F,Y,N,1,135000.0,Working,Higher education,Married,Rented apartment,-563,0,0,1,Accountants,3,0,30.854794520547944
5089070,M,N,N,3,180000.0,Working,Secondary / secondary special,Married,House / apartment,-3535,0,0,0,Laborers,5,0,39.02191780821918
5009586,F,N,N,0,45000.0,Working,Secondary / secondary special,Separated,House / apartment,-798,0,1,0,Sales staff,1,0,39.38082191780822
5105227,F,N,Y,0,135000.0,Working,Secondary / secondary special,Married,House / apartment,-2128,0,0,0,Laborers,2,0,47.57534246575342
5146034,M,N,Y,0,157500.0,Working,Secondary / secondary special,Single / not married,House / apartment,-4146,0,0,0,Cooking staff,1,0,46.87945205479452
5066817,F,Y,N,1,360000.0,Working,Higher education,Widow,House / apartment,-4023,0,0,1,Managers,2,0,45.15068493150685
5036926,F,Y,Y,0,157500.0,Commercial associate,Secondary / secondary special,Married,House / apartment,-2988,1,1,1,Core staff,2,0,32.62191780821918
5095433,F,N,Y,0,292500.0,Working,Higher education,Married,House / apartment,-9258,0,0,0,High skill tech staff,2,0,51.40821917808219
5091416,F,N,Y,0,225000.0,Working,Higher education,Married,House / apartment,-2939,1,1,0,Managers,2,0,44.38904109589041
5097024,M,Y,N,0,198000.0,Commercial associate,Higher education,Married,House / apartment,-2956,0,0,0,Managers,2,0,37.37808219178082
5042130,F,N,N,0,247500.0,Working,Higher education,Married,House / apartment,-7400,1,1,0,Managers,2,0,38.728767123287675
5145964,F,N,N,2,130500.0,Working,Secondary / secondary special,Married,House / apartment,-3476,0,0,0,Sales staff,4,0,42.29041095890411
5135819,F,N,Y,0,90000.0,Commercial associate,Secondary / secondary special,Married,House / apartment,-2878,0,0,0,Laborers,2,0,53.37534246575343
5054453,M,Y,Y,0,315000.0,Working,Higher education,Married,House / apartment,-1155,0,0,0,Laborers,2,0,49.07945205479452
5091963,M,Y,N,0,180000.0,Working,Secondary / secondary special,Married,Municipal apartment,-1416,1,0,0,Drivers,2,0,51.53150684931507
5126809,M,N,Y,1,157500.0,Commercial associate,Secondary / secondary special,Married,House / apartment,-2326,0,1,1,Laborers,3,0,29.24931506849315
5053254,F,Y,Y,0,180000.0,Commercial associate,Secondary / secondary special,Married,House / apartment,-2150,1,0,0,Managers,2,1,51.14246575342466
5023177,F,N,Y,1,337500.0,Working,Secondary / secondary special,Civil marriage,House / apartment,-4710,1,1,0,Laborers,3,0,48.5972602739726
5065705,M,Y,Y,0,225000.0,Pensioner,Secondary / secondary special,Single / not married,House / apartment,365243,0,1,0,Unknown,1,0,47.81917808219178
5116005,M,Y,Y,1,900000.0,Commercial associate,Higher education,Civil marriage,House / apartment,-2537,0,0,0,High skill tech staff,3,0,46.364383561643834
5029610,F,Y,Y,0,180000.0,Commercial associate,Higher education,Single / not married,House / apartment,-7140,0,0,0,Core staff,1,0,41.536986301369865
5094884,M,N,Y,0,450000.0,Commercial associate,Secondary / secondary special,Single / not married,With parents,-1282,0,0,0,Managers,1,0,28.39178082191781
5095631,M,Y,N,1,180000.0,Working,Higher education,Married,House / apartment,-219,0,0,0,Drivers,3,0,30.624657534246577
5067090,M,N,N,0,180000.0,Working,Secondary / secondary special,Married,House / apartment,-4663,0,1,0,Laborers,2,0,37.37808219178082
5051187,M,Y,N,0,135000.0,Working,Secondary / secondary special,Single / not married,House / apartment,-896,0,0,0,Core staff,1,0,33.58904109589041
5062137,M,N,Y,1,135000.0,Working,Secondary / secondary special,Single / not married,House / apartment,-137,0,0,0,Laborers,2,1,35.47123287671233
5113171,F,Y,Y,1,67500.0,Working,Secondary / secondary special,Married,House / apartment,-1678,0,1,1,Cooking staff,3,0,31.38082191780822
5009744,F,Y,N,0,315000.0,Commercial associate,Higher education,Married,House / apartment,-586,1,1,0,Unknown,2,1,37.14246575342466
5010864,M,Y,Y,1,450000.0,Commercial associate,Secondary / secondary special,Married,House / apartment,-678,0,1,1,Core staff,3,1,49.78904109589041
5052877,M,Y,Y,0,225000.0,Working,Secondary / secondary special,Married,House / apartment,-3366,0,0,0,Drivers,2,1,49.082191780821915
5062131,M,Y,Y,0,90000.0,Pensioner,Secondary / secondary special,Married,House / apartment,365243,0,0,0,Unknown,2,0,60.62739726027397
5139761,M,Y,Y,0,337500.0,Working,Higher education,Married,House / apartment,-7494,0,0,0,Laborers,2,0,64.96164383561644
5089240,F,N,N,0,270000.0,State servant,Secondary / secondary special,Separated,House / apartment,-12332,0,1,1,Medicine staff,1,0,53.04931506849315
5142456,F,N,N,0,67500.0,Commercial associate,Higher education,Separated,House / apartment,-499,0,1,0,Core staff,1,1,51.92328767123288
5028612,M,Y,Y,0,225000.0,Commercial associate,Higher education,Single / not married,With parents,-2152,0,1,0,Sales staff,1,0,29.263013698630136
5116478,M,Y,Y,2,450000.0,Commercial associate,Secondary / secondary special,Married,House / apartment,-489,0,1,0,Drivers,4,0,36.66575342465753
5048542,F,N,Y,0,121900.5,Pensioner,Secondary / secondary special,Married,House / apartment,365243,0,0,0,Unknown,2,0,43.68767123287671
5095896,F,N,N,1,112500.0,Commercial associate,Higher education,Married,House / apartment,-2532,1,1,0,Managers,3,0,43.88493150684931
5142153,M,Y,Y,0,450000.0,Working,Secondary / secondary special,Single / not married,House / apartment,-3574,0,0,0,High skill tech staff,1,0,43.726027397260275
5022804,F,Y,Y,0,202500.0,Working,Higher education,Widow,House / apartment,-1497,0,0,0,Managers,1,0,32.87123287671233
5051240,F,Y,N,0,121500.0,Pensioner,Secondary / secondary special,Single / not married,House / apartment,365243,0,0,0,Unknown,1,0,63.912328767123284
5114253,M,N,N,1,130500.0,Working,Incomplete higher,Married,Rented apartment,-1808,1,1,0,Unknown,3,1,31.043835616438358
5117323,F,N,Y,1,382500.0,State servant,Higher education,Single / not married,With parents,-553,0,0,0,Managers,2,0,33.1945205479452
5018501,F,Y,Y,0,135000.0,Working,Secondary / secondary special,Married,House / apartment,-1002,1,1,0,Cooking staff,2,1,51.917808219178085
5068712,F,Y,Y,0,90000.0,Working,Secondary / secondary special,Married,House / apartment,-5345,0,0,0,Laborers,2,0,36.93972602739726
5135489,M,Y,Y,2,225000.0,Working,Secondary / secondary special,Married,House / apartment,-3396,0,0,0,Laborers,4,0,28.438356164383563
5023838,F,Y,N,0,315000.0,Commercial associate,Secondary / secondary special,Civil marriage,House / apartment,-1077,0,1,0,Core staff,2,0,54.24931506849315
5117716,M,Y,N,0,315000.0,Working,Secondary / secondary special,Married,House / apartment,-5056,1,1,0,Drivers,2,0,45.68493150684932
5143025,M,N,N,0,270000.0,Working,Secondary / secondary special,Married,With parents,-622,1,1,0,Laborers,2,0,32.24109589041096
5054524,F,N,N,2,180000.0,Working,Secondary / secondary special,Married,House / apartment,-8369,0,0,0,Unknown,4,1,45.50958904109589
5069007,M,Y,Y,0,337500.0,Working,Higher education,Married,With parents,-1175,0,0,0,Laborers,2,0,29.101369863013698
5089162,F,Y,N,0,225000.0,Working,Higher education,Married,House / apartment,-2531,1,1,0,Accountants,2,1,55.51780821917808
5058366,F,N,N,0,90000.0,Pensioner,Secondary / secondary special,Single / not married,Municipal apartment,365243,0,0,0,Unknown,1,0,55.136986301369866
5126517,M,Y,N,0,157500.0,Working,Higher education,Married,House / apartment,-2265,0,1,0,Laborers,2,0,56.20821917808219
5022800,F,Y,Y,0,202500.0,Working,Higher education,Widow,House / apartment,-1497,0,0,0,Managers,1,0,32.87123287671233
5118560,F,N,Y,0,126000.0,Working,Secondary / secondary special,Single / not married,House / apartment,-2896,0,1,0,Cooking staff,1,0,46.16164383561644
5046495,F,N,Y,0,180000.0,Pensioner,Secondary / secondary special,Married,House / apartment,365243,0,0,0,Unknown,2,0,59.05205479452055
5058267,M,N,N,1,225000.0,Commercial associate,Secondary / secondary special,Married,With parents,-1912,0,0,0,Drivers,3,0,48.95342465753425
5115814,M,N,Y,3,180000.0,Working,Secondary / secondary special,Married,House / apartment,-6860,0,0,0,Laborers,5,0,39.276712328767125
5021430,F,N,Y,0,126000.0,Commercial associate,Higher education,Single / not married,House / apartment,-2470,0,0,0,Sales staff,1,1,51.8
5009443,F,N,N,0,90000.0,State servant,Secondary / secondary special,Married,House / apartment,-1682,0,1,0,Unknown,2,0,25.997260273972604
5009746,F,Y,N,0,315000.0,Commercial associate,Higher education,Married,House / apartment,-586,1,1,0,Unknown,2,1,62.06849315068493
5036187,F,Y,Y,1,157500.0,Pensioner,Secondary / secondary special,Married,House / apartment,365243,0,1,0,Unknown,3,0,56.605479452054794
5033447,F,Y,N,0,112500.0,Commercial associate,Higher education,Married,House / apartment,-657,0,0,0,Core staff,2,0,29.665753424657535
5118046,F,N,N,0,81000.0,Pensioner,Secondary / secondary special,Widow,House / apartment,365243,0,1,0,Unknown,1,1,65.48493150684932
5105535,M,Y,Y,0,126000.0,Pensioner,Secondary / secondary special,Separated,House / apartment,365243,0,1,0,Unknown,1,0,55.64109589041096
5143515,F,N,Y,0,247500.0,Pensioner,Secondary / secondary special,Single / not married,House / apartment,365243,0,0,0,Unknown,1,0,63.78082191780822
5143019,M,N,N,0,270000.0,Working,Secondary / secondary special,Married,With parents,-622,1,1,0,Laborers,2,0,32.24109589041096
5022308,F,N,Y,0,90000.0,Working,Secondary / secondary special,Separated,House / apartment,-3319,0,0,0,Unknown,1,0,52.16986301369863
5054775,M,N,Y,0,225000.0,Working,Secondary / secondary special,Married,House / apartment,-1520,0,0,0,Laborers,2,0,58.52602739726027
5067203,M,N,N,1,405000.0,Working,Secondary / secondary special,Married,With parents,-1328,0,0,0,Drivers,3,0,34.726027397260275
5143360,F,N,Y,0,126000.0,Working,Secondary / secondary special,Married,House / apartment,-2234,1,1,0,High skill tech staff,2,0,62.49589041095891
5091925,F,Y,Y,0,405000.0,Commercial associate,Incomplete higher,Married,House / apartment,-3944,0,1,0,Unknown,2,0,50.73150684931507
5038723,M,Y,Y,1,270000.0,Pensioner,Secondary / secondary special,Married,House / apartment,365243,0,0,0,Unknown,3,0,42.446575342465756
5068337,F,Y,Y,0,112500.0,Working,Higher education,Married,House / apartment,-505,1,1,0,Laborers,2,0,27.673972602739727
5096991,F,N,Y,1,225000.0,Commercial associate,Higher education,Married,House / apartment,-126,0,0,0,Core staff,3,0,33.62191780821918
5091144,M,Y,N,0,225000.0,Working,Secondary / secondary special,Married,House / apartment,-1345,0,0,0,Unknown,2,0,29.54794520547945
5024838,F,N,Y,0,202500.0,Commercial associate,Higher education,Single / not married,House / apartment,-2072,0,0,0,Unknown,1,0,38.74794520547945
5091171,M,N,Y,0,90000.0,Pensioner,Secondary / secondary special,Married,House / apartment,365243,0,0,0,Unknown,2,0,65.66849315068494
5022954,M,Y,Y,0,112500.0,Working,Secondary / secondary special,Married,House / apartment,-521,1,0,0,Unknown,2,0,50.11780821917808
5142698,F,Y,N,0,95850.0,Commercial associate,Secondary / secondary special,Married,House / apartment,-6678,1,0,0,Laborers,2,0,51.865753424657534
5100373,F,N,Y,2,180000.0,Commercial associate,Secondary / secondary special,Married,House / apartment,-3960,0,0,0,Core staff,4,0,35.2
5105878,F,N,N,1,387000.0,Commercial associate,Higher education,Married,House / apartment,-727,0,0,0,Unknown,3,0,41.6986301369863
5146045,F,N,Y,0,360000.0,Commercial associate,Secondary / secondary special,Single / not married,House / apartment,-2441,0,0,0,Accountants,1,0,50.895890410958906
5069028,F,N,Y,0,157500.0,Commercial associate,Secondary / secondary special,Married,House / apartment,-1359,0,0,1,Sales staff,2,0,45.49315068493151
5041271,M,N,Y,0,445500.0,Commercial associate,Higher education,Separated,House / apartment,-2469,0,0,0,Unknown,1,0,52.87123287671233
5041147,F,N,Y,0,90000.0,Pensioner,Secondary / secondary special,Civil marriage,House / apartment,365243,0,0,0,Unknown,2,0,63.66027397260274
5010498,M,Y,Y,1,202500.0,Working,Secondary / secondary special,Married,House / apartment,-313,1,0,0,Unknown,3,0,27.994520547945207
5132845,F,N,Y,0,112500.0,State servant,Secondary / secondary special,Married,House / apartment,-3694,0,0,1,Medicine staff,2,0,47.92602739726028
5090383,F,Y,Y,0,180000.0,Commercial associate,Secondary / secondary special,Married,House / apartment,-1198,0,1,0,Laborers,2,0,42.24931506849315
5062525,F,N,Y,1,112500.0,Working,Higher education,Married,House / apartment,-2207,0,1,0,Sales staff,3,0,37.413698630136984
5117605,F,N,N,0,157500.0,Working,Higher education,Married,House / apartment,-2257,0,0,0,Core staff,2,0,38.62465753424657
5092479,M,N,N,1,85500.0,State servant,Secondary / secondary special,Married,Municipal apartment,-6866,0,0,0,Core staff,3,1,41.134246575342466
5143079,F,Y,N,0,225000.0,Commercial associate,Secondary / secondary special,Married,House / apartment,-500,0,0,0,Sales staff,2,0,38.153424657534245
5010203,M,Y,Y,0,135000.0,Working,Lower secondary,Married,With parents,-1866,0,0,1,Laborers,2,0,27.345205479452055
5068631,F,Y,Y,0,216000.0,Working,Secondary / secondary special,Married,House / apartment,-3641,0,0,0,Managers,2,0,58.12602739726027
5061246,F,N,Y,0,112500.0,Working,Incomplete higher,Civil marriage,House / apartment,-1751,0,0,0,Unknown,2,0,25.482191780821918
5066843,F,N,Y,0,135000.0,Pensioner,Secondary / secondary special,Married,House / apartment,365243,0,0,0,Unknown,2,0,46.821917808219176
5116319,F,N,Y,2,157500.0,Working,Secondary / secondary special,Married,House / apartment,-1889,0,0,0,Laborers,4,0,38.93698630136986
5149039,F,N,Y,2,270000.0,Commercial associate,Higher education,Civil marriage,House / apartment,-3697,0,0,0,Laborers,4,0,30.15890410958904
5096061,F,N,N,2,73350.0,Working,Secondary / secondary special,Married,House / apartment,-7068,0,0,0,Medicine staff,4,0,39.23561643835617
5087829,M,N,Y,0,135000.0,State servant,Secondary / secondary special,Married,Rented apartment,-2323,1,0,1,Unknown,2,0,28.624657534246577
5009821,F,Y,N,0,99000.0,Working,Secondary / secondary special,Married,House / apartment,-5457,0,1,0,Cooking staff,2,0,40.775342465753425
5066865,F,N,Y,2,54000.0,Working,Secondary / secondary special,Married,House / apartment,-795,0,0,0,Sales staff,4,0,27.136986301369863
5145694,M,Y,Y,0,225000.0,Working,Higher education,Single / not married,With parents,-663,1,1,0,Unknown,1,0,25.873972602739727
5033728,F,Y,Y,1,202500.0,Working,Secondary / secondary special,Married,House / apartment,-2089,1,1,0,Core staff,3,0,37.441095890410956
5067729,F,N,Y,1,135000.0,Commercial associate,Incomplete higher,Married,House / apartment,-2616,1,1,0,Managers,3,0,28.186301369863013
5117403,F,N,N,0,94500.0,Working,Secondary / secondary special,Married,House / apartment,-1619,0,0,0,Waiters/barmen staff,2,0,45.912328767123284
5116163,F,N,Y,2,90000.0,Working,Secondary / secondary special,Married,House / apartment,-320,0,0,0,Security staff,4,0,27.12054794520548
5029251,M,N,Y,0,157500.0,Working,Higher education,Married,House / apartment,-4280,1,0,0,Laborers,2,0,38.41917808219178
5061832,F,N,Y,0,112500.0,Pensioner,Secondary / secondary special,Married,House / apartment,365243,0,0,0,Unknown,2,0,61.961643835616435
5062106,M,Y,Y,0,135000.0,Commercial associate,Secondary / secondary special,Married,House / apartment,-3607,0,0,0,Managers,2,0,52.07671232876712
5033916,M,N,Y,0,180000.0,Working,Secondary / secondary special,Married,House / apartment,-3647,0,0,0,Unknown,2,1,35.657534246575345
5046398,F,N,Y,0,157500.0,Pensioner,Secondary / secondary special,Single / not married,House / apartment,365243,0,0,0,Unknown,1,0,66.34520547945205
5142448,M,Y,Y,0,315000.0,Working,Incomplete higher,Married,House / apartment,-1444,0,0,0,Managers,2,0,62.06849315068493
5023460,F,Y,Y,0,315000.0,Pensioner,Secondary / secondary special,Single / not married,House / apartment,365243,0,0,0,Unknown,1,0,57.56712328767123
5090470,M,N,Y,1,900000.0,Working,Secondary / secondary special,Married,House / apartment,-4509,0,0,0,Laborers,3,0,42.136986301369866
5018498,F,Y,Y,0,90000.0,Working,Secondary / secondary special,Married,House / apartment,-1002,1,1,0,Cooking staff,2,1,51.917808219178085
5143560,M,N,N,2,202500.0,Working,Secondary / secondary special,Married,With parents,-745,0,0,0,Drivers,4,0,30.01095890410959
5137033,M,Y,N,1,112500.0,Working,Secondary / secondary special,Married,House / apartment,-200,0,1,0,Laborers,3,0,39.18082191780822
5025047,F,Y,N,3,112500.0,Working,Secondary / secondary special,Married,House / apartment,-3776,1,1,0,Unknown,5,0,32.13972602739726
5008827,M,Y,Y,0,180000.0,Pensioner,Higher education,Married,House / apartment,365243,0,0,0,Unknown,2,1,51.43013698630137
5142599,F,N,Y,2,76500.0,State servant,Higher education,Married,House / apartment,-2143,0,0,0,Unknown,4,0,39.986301369863014
5067020,F,Y,Y,1,247500.0,Working,Secondary / secondary special,Civil marriage,House / apartment,-1253,0,0,1,Laborers,3,0,46.99178082191781
5058350,M,N,Y,0,99000.0,Pensioner,Higher education,Separated,House / apartment,365243,0,0,0,Unknown,1,1,67.42739726027398
5088450,F,N,Y,0,157500.0,State servant,Secondary / secondary special,Widow,House / apartment,-2052,0,1,0,Drivers,1,0,62.704109589041096
5088501,M,Y,Y,0,72000.0,Working,Higher education,Married,House / apartment,-619,0,0,0,Security staff,2,0,59.99178082191781
5068324,F,N,Y,0,171000.0,Working,Higher education,Married,House / apartment,-3853,0,0,0,High skill tech staff,2,0,50.26849315068493
5024148,F,Y,N,0,180000.0,Working,Higher education,Married,With parents,-1007,1,1,0,Accountants,2,0,31.17808219178082
5009663,M,N,N,0,225000.0,Working,Higher education,Single / not married,House / apartment,-1774,1,0,0,Unknown,1,0,27.852054794520548
5009894,F,N,N,0,180000.0,Pensioner,Secondary / secondary special,Married,House / apartment,365243,0,0,0,Unknown,2,1,60.64109589041096
5078924,M,N,Y,0,270000.0,Working,Secondary / secondary special,Married,House / apartment,-1000,0,1,0,Laborers,2,0,44.153424657534245
5044935,M,N,Y,2,360000.0,State servant,Higher education,Married,House / apartment,-5639,0,1,0,Managers,4,0,43.90958904109589
5117095,M,Y,Y,0,360000.0,Pensioner,Secondary / secondary special,Married,House / apartment,365243,0,0,0,Unknown,2,0,38.38356164383562
5010781,F,Y,Y,1,157500.0,Commercial associate,Higher education,Married,House / apartment,-2259,0,0,1,Core staff,3,0,39.654794520547945
5078842,F,Y,Y,1,135000.0,Working,Secondary / secondary special,Married,With parents,-117,0,0,0,Private service staff,3,0,28.854794520547944
5068196,M,Y,Y,0,173250.0,Working,Secondary / secondary special,Civil marriage,House / apartment,-2362,1,0,0,Drivers,2,0,44.583561643835615
5116809,F,N,Y,0,112500.0,Working,Secondary / secondary special,Married,House / apartment,-701,0,0,0,High skill tech staff,2,0,50.31506849315068
5142988,F,N,N,1,135000.0,Working,Higher education,Married,House / apartment,-1504,1,0,0,Core staff,3,0,28.95068493150685
5142953,M,N,N,1,202500.0,Working,Secondary / secondary special,Separated,House / apartment,-742,1,1,0,Laborers,2,0,22.66849315068493
5028547,M,Y,N,1,292500.0,Working,Secondary / secondary special,Separated,House / apartment,-1056,0,1,0,Laborers,2,0,34.772602739726025
5126518,M,Y,N,0,157500.0,Working,Higher education,Married,House / apartment,-2265,0,1,0,Laborers,2,0,56.20821917808219
5052806,F,N,Y,0,81000.0,Working,Secondary / secondary special,Single / not married,House / apartment,-2454,0,1,0,Unknown,1,0,52.63013698630137
5009301,F,N,N,0,193500.0,Working,Secondary / secondary special,Single / not married,Municipal apartment,-1866,0,1,0,Laborers,1,0,44.106849315068494
5046191,M,Y,Y,2,270000.0,Commercial associate,Higher education,Married,House / apartment,-565,1,0,0,Managers,4,0,47.342465753424655
5024604,F,N,Y,0,630000.0,Pensioner,Secondary / secondary special,Single / not married,House / apartment,365243,0,1,0,Unknown,1,0,60.224657534246575
5024726,M,N,Y,0,162000.0,Pensioner,Higher education,Married,House / apartment,365243,0,1,0,Unknown,2,0,63.76164383561644
5047853,M,Y,Y,1,292500.0,Commercial associate,Higher education,Married,House / apartment,-3322,0,0,0,Unknown,3,0,34.43561643835616
5067299,M,N,Y,0,225000.0,Commercial associate,Secondary / secondary special,Single / not married,House / apartment,-1217,0,0,1,Laborers,1,0,25.065753424657533
5022730,M,Y,N,3,360000.0,Commercial associate,Secondary / secondary special,Married,House / apartment,-1674,0,0,0,Managers,5,0,41.81369863013698
5113847,F,N,Y,0,225000.0,Working,Secondary / secondary special,Widow,House / apartment,-2384,1,0,0,High skill tech staff,1,0,54.49315068493151
5126457,F,N,N,0,94500.0,Working,Higher education,Married,House / apartment,-196,0,0,0,Security staff,2,0,46.0958904109589
5090214,M,Y,Y,0,135000.0,Working,Secondary / secondary special,Married,House / apartment,-217,0,0,0,Laborers,2,1,29.34794520547945
5074705,F,N,Y,0,157500.0,Working,Higher education,Single / not married,House / apartment,-10600,0,0,0,Laborers,1,0,60.917808219178085
5146086,M,N,N,0,148500.0,Working,Secondary / secondary special,Single / not married,Municipal apartment,-1193,0,0,1,Laborers,1,0,38.69041095890411
5090186,M,Y,Y,0,450000.0,Pensioner,Higher education,Married,House / apartment,365243,0,0,0,Unknown,2,0,64.24931506849315
5096416,F,N,N,0,76500.0,Working,Secondary / secondary special,Married,House / apartment,-97,1,0,0,Unknown,2,0,46.23561643835617
5146401,F,N,Y,0,112500.0,Working,Secondary / secondary special,Separated,House / apartment,-2104,1,0,0,Cleaning staff,1,0,53.92328767123288
5117594,F,N,N,0,144000.0,Working,Secondary / secondary special,Single / not married,House / apartment,-7310,1,1,0,Core staff,1,0,46.295890410958904
5053636,F,N,N,0,225000.0,Pensioner,Higher education,Separated,House / apartment,365243,0,0,0,Unknown,1,0,60.12054794520548
5054733,F,N,N,1,157500.0,Commercial associate,Higher education,Married,House / apartment,-1581,0,0,0,High skill tech staff,3,0,30.252054794520546
5115797,F,N,Y,1,135000.0,Commercial associate,Secondary / secondary special,Single / not married,House / apartment,-7346,0,0,0,Laborers,2,0,39.93972602739726
5067102,F,N,N,0,180000.0,Commercial associate,Secondary / secondary special,Single / not married,Municipal apartment,-4534,0,0,0,Sales staff,1,0,45.92054794520548
5046036,F,Y,Y,0,99000.0,Pensioner,Secondary / secondary special,Civil marriage,House / apartment,365243,0,0,0,Unknown,2,0,58.97808219178082
5037008,F,N,Y,0,67500.0,Pensioner,Secondary / secondary special,Single / not married,House / apartment,365243,0,1,0,Unknown,1,0,56.04383561643836
5067312,F,Y,Y,0,225000.0,Pensioner,Secondary / secondary special,Married,House / apartment,365243,0,0,0,Unknown,2,0,62.794520547945204
5022373,F,N,Y,1,234000.0,Working,Secondary / secondary special,Single / not married,House / apartment,-8036,0,0,0,Core staff,2,0,56.69315068493151
5125804,F,N,Y,0,270000.0,Working,Secondary / secondary special,Separated,House / apartment,-2052,0,0,1,Laborers,1,0,50.24657534246575
5116613,M,N,Y,0,225000.0,Commercial associate,Secondary / secondary special,Married,House / apartment,-3533,0,0,0,Unknown,2,0,32.35068493150685
5036562,F,N,N,1,112500.0,Working,Secondary / secondary special,Married,House / apartment,-5107,1,0,0,Unknown,3,0,32.74794520547945
5010185,M,N,N,1,247500.0,Working,Secondary / secondary special,Single / not married,House / apartment,-6583,0,1,0,Laborers,2,0,46.01917808219178
5023949,M,Y,Y,1,148500.0,Working,Secondary / secondary special,Married,House / apartment,-5176,0,0,0,Laborers,3,0,40.99178082191781
5010225,F,Y,Y,1,90000.0,State servant,Secondary / secondary special,Married,House / apartment,-8044,0,0,0,Medicine staff,3,0,48.032876712328765
5146024,F,N,Y,0,360000.0,Commercial associate,Higher education,Married,House / apartment,-3902,0,1,0,Core staff,2,0,30.38082191780822
5125524,M,N,N,2,171000.0,Working,Secondary / secondary special,Married,Municipal apartment,-5674,1,1,0,Core staff,4,0,37.986301369863014
5146002,M,Y,Y,0,225000.0,Working,Secondary / secondary special,Single / not married,House / apartment,-189,0,0,1,Managers,1,0,27.882191780821916
5023482,F,N,Y,1,119250.0,Working,Secondary / secondary special,Married,House / apartment,-4404,1,1,0,Core staff,3,0,43.64657534246575
5054522,F,Y,Y,1,135000.0,Working,Higher education,Married,House / apartment,-2311,0,0,0,Unknown,3,0,27.435616438356163
5091894,M,N,N,0,157500.0,Commercial associate,Higher education,Single / not married,House / apartment,-1600,0,0,0,Sales staff,1,0,27.923287671232877
5125708,F,Y,Y,0,135000.0,Working,Lower secondary,Married,House / apartment,-622,0,1,0,High skill tech staff,2,1,44.967123287671235
5010881,F,N,Y,0,45000.0,Pensioner,Secondary / secondary special,Married,House / apartment,365243,0,1,0,Unknown,2,0,56.679452054794524
5009472,F,N,N,0,157500.0,Working,Secondary / secondary special,Married,House / apartment,-9870,1,1,0,Unknown,2,0,53.97808219178082
5115671,M,Y,Y,1,189000.0,Working,Higher education,Married,House / apartment,-3663,0,0,0,High skill tech staff,3,0,36.484931506849314
5079168,M,Y,N,0,202500.0,Working,Secondary / secondary special,Married,With parents,-1394,0,0,0,Laborers,2,1,37.58904109589041
5148535,F,N,Y,1,157500.0,Working,Secondary / secondary special,Married,House / apartment,-1721,0,1,0,Unknown,3,0,28.693150684931506
5118441,F,Y,N,1,108000.0,Commercial associate,Higher education,Married,House / apartment,-431,1,0,0,Sales staff,3,0,44.21369863013699
5090549,F,N,Y,0,157500.0,Working,Secondary / secondary special,Married,House / apartment,-2531,0,0,0,Unknown,2,0,41.75616438356165
5125761,M,N,Y,0,270000.0,Commercial associate,Secondary / secondary special,Single / not married,Municipal apartment,-1595,0,0,0,Cooking staff,1,1,49.36986301369863
5010707,M,Y,N,0,202500.0,Working,Secondary / secondary special,Married,House / apartment,-5061,0,1,0,Drivers,2,0,43.45753424657534
5025127,M,N,Y,0,292500.0,Working,Secondary / secondary special,Married,House / apartment,-3350,0,0,0,High skill tech staff,2,1,30.44109589041096
5139662,F,N,Y,0,157500.0,Pensioner,Lower secondary,Married,House / apartment,365243,0,0,0,Unknown,2,0,64.33698630136986
5038932,F,N,Y,0,94500.0,Commercial associate,Higher education,Separated,House / apartment,-6317,0,1,0,Medicine staff,1,0,39.85753424657534
5068807,M,Y,Y,1,112500.0,Working,Higher education,Married,House / apartment,-536,0,0,1,Accountants,3,0,32.35342465753425
5105819,M,Y,N,2,202500.0,Commercial associate,Higher education,Married,House / apartment,-460,0,0,0,Managers,4,0,32.0986301369863
5112870,M,Y,Y,1,360000.0,Working,Secondary / secondary special,Married,House / apartment,-2932,0,1,0,Laborers,3,0,57.52876712328767
5048217,M,Y,Y,1,270000.0,Commercial associate,Secondary / secondary special,Married,House / apartment,-857,0,0,0,Laborers,3,0,33.56164383561644
5054068,M,N,N,1,157500.0,Working,Secondary / secondary special,Married,House / apartment,-1458,0,0,0,Drivers,1,1,44.9972602739726
5088834,F,N,Y,0,612000.0,State servant,Secondary / secondary special,Married,House / apartment,-3715,0,0,1,Accountants,2,0,34.41917808219178
5050973,F,N,N,1,112500.0,State servant,Secondary / secondary special,Single / not married,House / apartment,-7591,0,0,0,Core staff,2,0,43.73698630136986
5009798,F,N,N,0,198000.0,Pensioner,Secondary / secondary special,Widow,House / apartment,365243,0,1,0,Unknown,1,0,60.27945205479452
5058509,F,N,Y,0,148500.0,Pensioner,Secondary / secondary special,Married,House / apartment,365243,0,0,0,Unknown,2,0,62.394520547945206
5118268,M,Y,N,1,360000.0,State servant,Secondary / secondary special,Married,House / apartment,-3536,0,1,0,Drivers,3,0,30.942465753424656
5046086,F,Y,Y,0,99000.0,Working,Secondary / secondary special,Married,House / apartment,-2299,0,0,0,Unknown,2,0,57.61643835616438
5146079,F,N,Y,1,108000.0,Working,Secondary / secondary special,Married,House / apartment,-1132,1,1,0,Sales staff,3,1,34.85753424657534
5091822,M,N,Y,0,270000.0,Commercial associate,Secondary / secondary special,Single / not married,House / apartment,-5891,0,0,0,Laborers,1,0,40.104109589041094
5069169,M,Y,Y,0,135000.0,Working,Secondary / secondary special,Married,House / apartment,-962,0,0,1,Sales staff,2,0,28.257534246575343
5113854,M,N,N,0,202500.0,Working,Secondary / secondary special,Single / not married,House / apartment,-8290,1,0,0,Laborers,1,0,41.98082191780822
5113861,M,N,N,0,135000.0,Working,Secondary / secondary special,Married,House / apartment,-1259,1,0,0,High skill tech staff,2,0,28.405479452054795
5095193,M,Y,Y,1,495000.0,Commercial associate,Secondary / secondary special,Married,House / apartment,-1190,0,1,0,Managers,3,0,62.06849315068493
5146558,M,N,Y,2,157500.0,Working,Secondary / secondary special,Married,House / apartment,-1436,0,0,0,Laborers,4,0,41.18082191780822
5115894,M,Y,N,0,247500.0,Commercial associate,Secondary / secondary special,Married,House / apartment,-1321,0,0,0,Drivers,2,0,47.821917808219176
5126278,M,N,N,0,162000.0,Pensioner,Secondary / secondary special,Married,House / apartment,365243,0,0,0,Unknown,2,1,58.202739726027396
5114427,F,N,N,0,49500.0,Pensioner,Secondary / secondary special,Married,House / apartment,365243,0,0,0,Unknown,2,0,65.07671232876713
5078946,F,N,Y,2,180000.0,Working,Incomplete higher,Separated,House / apartment,-3496,1,0,0,Unknown,3,1,33.56986301369863
5068470,F,N,N,1,108000.0,Commercial associate,Secondary / secondary special,Married,House / apartment,-719,0,0,0,Medicine staff,3,0,41.50684931506849
5029348,M,Y,Y,0,270000.0,Working,Higher education,Married,House / apartment,-412,0,0,0,Drivers,2,0,29.97808219178082
5090705,F,N,N,0,202500.0,Pensioner,Higher education,Single / not married,House / apartment,365243,0,0,0,Unknown,1,0,63.80821917808219
